game_id,game_date,team_id,team_name,net_rating
0021500001,2015-10-27,1610612737,Hawks,-9.3
0021500001,2015-10-27,1610612765,Pistons,9.3
0021500002,2015-10-27,1610612739,Cavaliers,-0.5
0021500002,2015-10-27,1610612741,Bulls,0.5
0021500003,2015-10-27,1610612740,Pelicans,-16.3
0021500003,2015-10-27,1610612744,Warriors,16.3
0021500004,2015-10-28,1610612753,Magic,-6.4
0021500004,2015-10-28,1610612764,Wizards,6.4
0021500005,2015-10-28,1610612738,Celtics,15.7
0021500005,2015-10-28,1610612755,76ers,-15.7
0021500006,2015-10-28,1610612741,Bulls,15.2
0021500006,2015-10-28,1610612751,Nets,-15.2
0021500007,2015-10-28,1610612765,Pistons,4.6
0021500007,2015-10-28,1610612762,Jazz,-4.6
0021500008,2015-10-28,1610612766,Hornets,-12.3
0021500008,2015-10-28,1610612748,Heat,12.3
0021500009,2015-10-28,1610612754,Pacers,-2.5
0021500009,2015-10-28,1610612761,Raptors,2.5
0021500010,2015-10-28,1610612745,Rockets,-21.5
0021500010,2015-10-28,1610612743,Nuggets,21.5
0021500011,2015-10-28,1610612739,Cavaliers,29.0
0021500011,2015-10-28,1610612763,Grizzlies,-29.0
0021500012,2015-10-28,1610612749,Bucks,-24.2
0021500012,2015-10-28,1610612752,Knicks,24.2
0021500013,2015-10-28,1610612760,Thunder,6.8
0021500013,2015-10-28,1610612759,Spurs,-6.8
0021500014,2015-10-28,1610612756,Suns,-21.1
0021500014,2015-10-28,1610612742,Mavericks,21.1
0021500015,2015-10-28,1610612757,Trail Blazers,22.2
0021500015,2015-10-28,1610612740,Pelicans,-22.2
0021500016,2015-10-28,1610612746,Clippers,11.8
0021500016,2015-10-28,1610612758,Kings,-11.8
0021500017,2015-10-28,1610612750,Timberwolves,7.2
0021500017,2015-10-28,1610612747,Lakers,-7.2
0021500018,2015-10-29,1610612754,Pacers,-11.2
0021500018,2015-10-29,1610612763,Grizzlies,11.2
0021500019,2015-10-29,1610612752,Knicks,-14.1
0021500019,2015-10-29,1610612737,Hawks,14.1
0021500020,2015-10-29,1610612742,Mavericks,-16.7
0021500020,2015-10-29,1610612746,Clippers,16.7
0021500021,2015-10-30,1610612739,Cavaliers,12.4
0021500021,2015-10-30,1610612748,Heat,-12.4
0021500022,2015-10-30,1610612760,Thunder,3.2
0021500022,2015-10-30,1610612753,Magic,-3.2
0021500023,2015-10-30,1610612755,76ers,-26.7
0021500023,2015-10-30,1610612762,Jazz,26.7
0021500024,2015-10-30,1610612761,Raptors,11.2
0021500024,2015-10-30,1610612738,Celtics,-11.2
0021500025,2015-10-30,1610612765,Pistons,0.5
0021500025,2015-10-30,1610612741,Bulls,-0.5
0021500026,2015-10-30,1610612737,Hawks,4.0
0021500026,2015-10-30,1610612766,Hornets,-4.0
0021500027,2015-10-30,1610612749,Bucks,-9.3
0021500027,2015-10-30,1610612764,Wizards,9.3
0021500028,2015-10-30,1610612751,Nets,-26.7
0021500028,2015-10-30,1610612759,Spurs,26.7
0021500029,2015-10-30,1610612750,Timberwolves,18.3
0021500029,2015-10-30,1610612743,Nuggets,-18.3
0021500030,2015-10-30,1610612745,Rockets,-21.4
0021500030,2015-10-30,1610612744,Warriors,21.4
0021500031,2015-10-30,1610612758,Kings,15.8
0021500031,2015-10-30,1610612747,Lakers,-15.8
0021500032,2015-10-30,1610612756,Suns,13.1
0021500032,2015-10-30,1610612757,Trail Blazers,-13.1
0021500033,2015-10-31,1610612754,Pacers,-20.1
0021500033,2015-10-31,1610612762,Jazz,20.1
0021500034,2015-10-31,1610612764,Wizards,-8.5
0021500034,2015-10-31,1610612752,Knicks,8.5
0021500035,2015-10-31,1610612740,Pelicans,-17.0
0021500035,2015-10-31,1610612744,Warriors,17.0
0021500036,2015-10-31,1610612751,Nets,-11.7
0021500036,2015-10-31,1610612763,Grizzlies,11.7
0021500037,2015-10-31,1610612756,Suns,5.5
0021500037,2015-10-31,1610612757,Trail Blazers,-5.5
0021500038,2015-10-31,1610612746,Clippers,4.4
0021500038,2015-10-31,1610612758,Kings,-4.4
0021500039,2015-11-01,1610612766,Hornets,-1.5
0021500039,2015-11-01,1610612737,Hawks,1.5
0021500040,2015-11-01,1610612759,Spurs,7.8
0021500040,2015-11-01,1610612738,Celtics,-7.8
0021500041,2015-11-01,1610612745,Rockets,-22.5
0021500041,2015-11-01,1610612748,Heat,22.5
0021500042,2015-11-01,1610612749,Bucks,-15.7
0021500042,2015-11-01,1610612761,Raptors,15.7
0021500043,2015-11-01,1610612741,Bulls,6.5
0021500043,2015-11-01,1610612753,Magic,-6.5
0021500044,2015-11-01,1610612743,Nuggets,-23.5
0021500044,2015-11-01,1610612760,Thunder,23.5
0021500045,2015-11-01,1610612747,Lakers,-14.4
0021500045,2015-11-01,1610612742,Mavericks,14.4
0021500046,2015-11-02,1610612739,Cavaliers,8.4
0021500046,2015-11-02,1610612755,76ers,-8.4
0021500047,2015-11-02,1610612749,Bucks,14.6
0021500047,2015-11-02,1610612751,Nets,-14.6
0021500048,2015-11-02,1610612752,Knicks,-9.6
0021500048,2015-11-02,1610612759,Spurs,9.6
0021500049,2015-11-02,1610612745,Rockets,2.7
0021500049,2015-11-02,1610612760,Thunder,-2.7
0021500050,2015-11-02,1610612757,Trail Blazers,5.2
0021500050,2015-11-02,1610612750,Timberwolves,-5.2
0021500051,2015-11-02,1610612763,Grizzlies,-52.4
0021500051,2015-11-02,1610612744,Warriors,52.4
0021500052,2015-11-02,1610612746,Clippers,8.1
0021500052,2015-11-02,1610612756,Suns,-8.1
0021500053,2015-11-03,1610612766,Hornets,28.7
0021500053,2015-11-03,1610612741,Bulls,-28.7
0021500054,2015-11-03,1610612754,Pacers,12.5
0021500054,2015-11-03,1610612765,Pistons,-12.5
0021500055,2015-11-03,1610612748,Heat,-5.4
0021500055,2015-11-03,1610612737,Hawks,5.4
0021500056,2015-11-03,1610612740,Pelicans,-10.2
0021500056,2015-11-03,1610612753,Magic,10.2
0021500057,2015-11-03,1610612742,Mavericks,-10.7
0021500057,2015-11-03,1610612761,Raptors,10.7
0021500058,2015-11-03,1610612758,Kings,-12.9
0021500058,2015-11-03,1610612763,Grizzlies,12.9
0021500059,2015-11-03,1610612743,Nuggets,10.8
0021500059,2015-11-03,1610612747,Lakers,-10.8
0021500060,2015-11-04,1610612738,Celtics,-2.0
0021500060,2015-11-04,1610612754,Pacers,2.0
0021500061,2015-11-04,1610612764,Wizards,5.6
0021500061,2015-11-04,1610612759,Spurs,-5.6
0021500062,2015-11-04,1610612751,Nets,-12.9
0021500062,2015-11-04,1610612737,Hawks,12.9
0021500063,2015-11-04,1610612752,Knicks,-4.1
0021500063,2015-11-04,1610612739,Cavaliers,4.1
0021500064,2015-11-04,1610612745,Rockets,4.1
0021500064,2015-11-04,1610612753,Magic,-4.1
0021500065,2015-11-04,1610612755,76ers,-3.3
0021500065,2015-11-04,1610612749,Bucks,3.3
0021500066,2015-11-04,1610612760,Thunder,-2.0
0021500066,2015-11-04,1610612761,Raptors,2.0
0021500067,2015-11-04,1610612758,Kings,-18.0
0021500067,2015-11-04,1610612756,Suns,18.0
0021500068,2015-11-04,1610612757,Trail Blazers,14.9
0021500068,2015-11-04,1610612762,Jazz,-14.9
0021500069,2015-11-04,1610612744,Warriors,2.9
0021500069,2015-11-04,1610612746,Clippers,-2.9
0021500070,2015-11-05,1610612760,Thunder,-4.8
0021500070,2015-11-05,1610612741,Bulls,4.8
0021500071,2015-11-05,1610612750,Timberwolves,-16.6
0021500071,2015-11-05,1610612748,Heat,16.6
0021500072,2015-11-05,1610612742,Mavericks,-13.5
0021500072,2015-11-05,1610612766,Hornets,13.5
0021500073,2015-11-05,1610612762,Jazz,11.6
0021500073,2015-11-05,1610612743,Nuggets,-11.6
0021500074,2015-11-05,1610612757,Trail Blazers,19.1
0021500074,2015-11-05,1610612763,Grizzlies,-19.1
0021500075,2015-11-06,1610612761,Raptors,-5.4
0021500075,2015-11-06,1610612753,Magic,5.4
0021500076,2015-11-06,1610612764,Wizards,-20.7
0021500076,2015-11-06,1610612738,Celtics,20.7
0021500077,2015-11-06,1610612747,Lakers,3.1
0021500077,2015-11-06,1610612751,Nets,-3.1
0021500078,2015-11-06,1610612755,76ers,-1.0
0021500078,2015-11-06,1610612739,Cavaliers,1.0
0021500079,2015-11-06,1610612752,Knicks,-12.2
0021500079,2015-11-06,1610612749,Bucks,12.2
0021500080,2015-11-06,1610612754,Pacers,1.3
0021500080,2015-11-06,1610612748,Heat,-1.3
0021500081,2015-11-06,1610612737,Hawks,6.1
0021500081,2015-11-06,1610612740,Pelicans,-6.1
0021500082,2015-11-06,1610612765,Pistons,10.6
0021500082,2015-11-06,1610612756,Suns,-10.6
0021500083,2015-11-06,1610612744,Warriors,16.3
0021500083,2015-11-06,1610612743,Nuggets,-16.3
0021500084,2015-11-06,1610612758,Kings,-10.8
0021500084,2015-11-06,1610612745,Rockets,10.8
0021500085,2015-11-07,1610612741,Bulls,-10.7
0021500085,2015-11-07,1610612750,Timberwolves,10.7
0021500086,2015-11-07,1610612764,Wizards,-14.5
0021500086,2015-11-07,1610612737,Hawks,14.5
0021500087,2015-11-07,1610612755,76ers,-10.2
0021500087,2015-11-07,1610612753,Magic,10.2
0021500088,2015-11-07,1610612740,Pelicans,-7.1
0021500088,2015-11-07,1610612742,Mavericks,7.1
0021500089,2015-11-07,1610612749,Bucks,3.7
0021500089,2015-11-07,1610612751,Nets,-3.7
0021500090,2015-11-07,1610612759,Spurs,17.9
0021500090,2015-11-07,1610612766,Hornets,-17.9
0021500091,2015-11-07,1610612763,Grizzlies,-14.3
0021500091,2015-11-07,1610612762,Jazz,14.3
0021500092,2015-11-07,1610612744,Warriors,7.2
0021500092,2015-11-07,1610612758,Kings,-7.2
0021500093,2015-11-07,1610612746,Clippers,-2.1
0021500093,2015-11-07,1610612745,Rockets,2.1
0021500094,2015-11-08,1610612739,Cavaliers,4.7
0021500094,2015-11-08,1610612754,Pacers,-4.7
0021500095,2015-11-08,1610612747,Lakers,-10.4
0021500095,2015-11-08,1610612752,Knicks,10.4
0021500096,2015-11-08,1610612761,Raptors,-21.5
0021500096,2015-11-08,1610612748,Heat,21.5
0021500097,2015-11-08,1610612756,Suns,-25.4
0021500097,2015-11-08,1610612760,Thunder,25.4
0021500098,2015-11-08,1610612765,Pistons,21.0
0021500098,2015-11-08,1610612757,Trail Blazers,-21.0
0021500099,2015-11-09,1610612753,Magic,-14.7
0021500099,2015-11-09,1610612754,Pacers,14.7
0021500100,2015-11-09,1610612741,Bulls,25.1
0021500100,2015-11-09,1610612755,76ers,-25.1
0021500101,2015-11-09,1610612750,Timberwolves,11.4
0021500101,2015-11-09,1610612737,Hawks,-11.4
0021500102,2015-11-09,1610612743,Nuggets,9.0
0021500102,2015-11-09,1610612757,Trail Blazers,-9.0
0021500103,2015-11-09,1610612758,Kings,-18.5
0021500103,2015-11-09,1610612759,Spurs,18.5
0021500104,2015-11-09,1610612765,Pistons,-13.9
0021500104,2015-11-09,1610612744,Warriors,13.9
0021500105,2015-11-09,1610612746,Clippers,4.6
0021500105,2015-11-09,1610612763,Grizzlies,-4.6
0021500106,2015-11-10,1610612739,Cavaliers,2.1
0021500106,2015-11-10,1610612762,Jazz,-2.1
0021500107,2015-11-10,1610612760,Thunder,26.1
0021500107,2015-11-10,1610612764,Wizards,-26.1
0021500108,2015-11-10,1610612748,Heat,16.4
0021500108,2015-11-10,1610612747,Lakers,-16.4
0021500109,2015-11-10,1610612761,Raptors,-1.2
0021500109,2015-11-10,1610612752,Knicks,1.2
0021500110,2015-11-10,1610612749,Bucks,-15.9
0021500110,2015-11-10,1610612738,Celtics,15.9
0021500111,2015-11-10,1610612750,Timberwolves,-7.4
0021500111,2015-11-10,1610612766,Hornets,7.4
0021500112,2015-11-10,1610612740,Pelicans,17.2
0021500112,2015-11-10,1610612742,Mavericks,-17.2
0021500113,2015-11-11,1610612766,Hornets,2.9
0021500113,2015-11-11,1610612752,Knicks,-2.9
0021500114,2015-11-11,1610612753,Magic,6.5
0021500114,2015-11-11,1610612747,Lakers,-6.5
0021500115,2015-11-11,1610612761,Raptors,19.2
0021500115,2015-11-11,1610612755,76ers,-19.2
0021500116,2015-11-11,1610612738,Celtics,-10.3
0021500116,2015-11-11,1610612754,Pacers,10.3
0021500117,2015-11-11,1610612737,Hawks,10.7
0021500117,2015-11-11,1610612740,Pelicans,-10.7
0021500118,2015-11-11,1610612746,Clippers,-13.2
0021500118,2015-11-11,1610612742,Mavericks,13.2
0021500119,2015-11-11,1610612745,Rockets,-9.1
0021500119,2015-11-11,1610612751,Nets,9.1
0021500120,2015-11-11,1610612744,Warriors,12.2
0021500120,2015-11-11,1610612763,Grizzlies,-12.2
0021500121,2015-11-11,1610612749,Bucks,-4.1
0021500121,2015-11-11,1610612743,Nuggets,4.1
0021500122,2015-11-11,1610612765,Pistons,-12.4
0021500122,2015-11-11,1610612758,Kings,12.4
0021500123,2015-11-11,1610612757,Trail Blazers,-17.6
0021500123,2015-11-11,1610612759,Spurs,17.6
0021500124,2015-11-12,1610612762,Jazz,-4.9
0021500124,2015-11-12,1610612748,Heat,4.9
0021500125,2015-11-12,1610612744,Warriors,12.6
0021500125,2015-11-12,1610612750,Timberwolves,-12.6
0021500126,2015-11-12,1610612746,Clippers,-14.5
0021500126,2015-11-12,1610612756,Suns,14.5
0021500127,2015-11-13,1610612754,Pacers,6.0
0021500127,2015-11-13,1610612750,Timberwolves,-6.0
0021500128,2015-11-13,1610612753,Magic,9.3
0021500128,2015-11-13,1610612762,Jazz,-9.3
0021500129,2015-11-13,1610612737,Hawks,-8.6
0021500129,2015-11-13,1610612738,Celtics,8.6
0021500130,2015-11-13,1610612739,Cavaliers,8.1
0021500130,2015-11-13,1610612752,Knicks,-8.1
0021500131,2015-11-13,1610612740,Pelicans,-24.3
0021500131,2015-11-13,1610612761,Raptors,24.3
0021500132,2015-11-13,1610612766,Hornets,-4.7
0021500132,2015-11-13,1610612741,Bulls,4.7
0021500133,2015-11-13,1610612763,Grizzlies,0.9
0021500133,2015-11-13,1610612757,Trail Blazers,-0.9
0021500134,2015-11-13,1610612755,76ers,-17.3
0021500134,2015-11-13,1610612760,Thunder,17.3
0021500135,2015-11-13,1610612747,Lakers,-7.9
0021500135,2015-11-13,1610612742,Mavericks,7.9
0021500136,2015-11-13,1610612745,Rockets,-9.3
0021500136,2015-11-13,1610612743,Nuggets,9.3
0021500137,2015-11-13,1610612758,Kings,1.7
0021500137,2015-11-13,1610612751,Nets,-1.7
0021500138,2015-11-14,1610612746,Clippers,5.3
0021500138,2015-11-14,1610612765,Pistons,-5.3
0021500139,2015-11-14,1610612753,Magic,-14.1
0021500139,2015-11-14,1610612764,Wizards,14.1
0021500140,2015-11-14,1610612742,Mavericks,10.7
0021500140,2015-11-14,1610612745,Rockets,-10.7
0021500141,2015-11-14,1610612749,Bucks,2.9
0021500141,2015-11-14,1610612739,Cavaliers,-2.9
0021500142,2015-11-14,1610612755,76ers,-7.3
0021500142,2015-11-14,1610612759,Spurs,7.3
0021500143,2015-11-14,1610612743,Nuggets,-22.8
0021500143,2015-11-14,1610612756,Suns,22.8
0021500144,2015-11-14,1610612751,Nets,-9.0
0021500144,2015-11-14,1610612744,Warriors,9.0
0021500145,2015-11-15,1610612752,Knicks,6.4
0021500145,2015-11-15,1610612740,Pelicans,-6.4
0021500146,2015-11-15,1610612750,Timberwolves,-7.7
0021500146,2015-11-15,1610612763,Grizzlies,7.7
0021500147,2015-11-15,1610612757,Trail Blazers,-10.3
0021500147,2015-11-15,1610612766,Hornets,10.3
0021500148,2015-11-15,1610612762,Jazz,-2.3
0021500148,2015-11-15,1610612737,Hawks,2.3
0021500149,2015-11-15,1610612738,Celtics,16.4
0021500149,2015-11-15,1610612760,Thunder,-16.4
0021500150,2015-11-15,1610612758,Kings,10.8
0021500150,2015-11-15,1610612761,Raptors,-10.8
0021500151,2015-11-15,1610612747,Lakers,13.0
0021500151,2015-11-15,1610612765,Pistons,-13.0
0021500152,2015-11-16,1610612742,Mavericks,7.2
0021500152,2015-11-16,1610612755,76ers,-7.2
0021500153,2015-11-16,1610612754,Pacers,-2.5
0021500153,2015-11-16,1610612741,Bulls,2.5
0021500154,2015-11-16,1610612745,Rockets,-14.1
0021500154,2015-11-16,1610612738,Celtics,14.1
0021500155,2015-11-16,1610612763,Grizzlies,10.9
0021500155,2015-11-16,1610612760,Thunder,-10.9
0021500156,2015-11-16,1610612759,Spurs,14.7
0021500156,2015-11-16,1610612757,Trail Blazers,-14.7
0021500157,2015-11-16,1610612756,Suns,18.3
0021500157,2015-11-16,1610612747,Lakers,-18.3
0021500158,2015-11-17,1610612764,Wizards,32.3
0021500158,2015-11-17,1610612749,Bucks,-32.3
0021500159,2015-11-17,1610612751,Nets,3.6
0021500159,2015-11-17,1610612737,Hawks,-3.6
0021500160,2015-11-17,1610612765,Pistons,5.2
0021500160,2015-11-17,1610612739,Cavaliers,-5.2
0021500161,2015-11-17,1610612750,Timberwolves,10.4
0021500161,2015-11-17,1610612748,Heat,-10.4
0021500162,2015-11-17,1610612766,Hornets,-0.6
0021500162,2015-11-17,1610612752,Knicks,0.6
0021500163,2015-11-17,1610612740,Pelicans,-13.6
0021500163,2015-11-17,1610612743,Nuggets,13.6
0021500164,2015-11-17,1610612744,Warriors,6.2
0021500164,2015-11-17,1610612761,Raptors,-6.2
0021500165,2015-11-18,1610612766,Hornets,6.8
0021500165,2015-11-18,1610612751,Nets,-6.8
0021500166,2015-11-18,1610612750,Timberwolves,1.8
0021500166,2015-11-18,1610612753,Magic,-1.8
0021500167,2015-11-18,1610612754,Pacers,28.5
0021500167,2015-11-18,1610612755,76ers,-28.5
0021500168,2015-11-18,1610612738,Celtics,-9.4
0021500168,2015-11-18,1610612742,Mavericks,9.4
0021500169,2015-11-18,1610612758,Kings,-8.3
0021500169,2015-11-18,1610612737,Hawks,8.3
0021500170,2015-11-18,1610612745,Rockets,2.2
0021500170,2015-11-18,1610612757,Trail Blazers,-2.2
0021500171,2015-11-18,1610612760,Thunder,6.3
0021500171,2015-11-18,1610612740,Pelicans,-6.3
0021500172,2015-11-18,1610612743,Nuggets,-11.7
0021500172,2015-11-18,1610612759,Spurs,11.7
0021500173,2015-11-18,1610612762,Jazz,4.6
0021500173,2015-11-18,1610612761,Raptors,-4.6
0021500174,2015-11-18,1610612756,Suns,-6.2
0021500174,2015-11-18,1610612741,Bulls,6.2
0021500175,2015-11-19,1610612758,Kings,-10.7
0021500175,2015-11-19,1610612748,Heat,10.7
0021500176,2015-11-19,1610612749,Bucks,-18.6
0021500176,2015-11-19,1610612739,Cavaliers,18.6
0021500177,2015-11-19,1610612746,Clippers,-7.9
0021500177,2015-11-19,1610612744,Warriors,7.9
0021500178,2015-11-20,1610612766,Hornets,26.8
0021500178,2015-11-20,1610612755,76ers,-26.8
0021500179,2015-11-20,1610612738,Celtics,29.5
0021500179,2015-11-20,1610612751,Nets,-29.5
0021500180,2015-11-20,1610612745,Rockets,-18.1
0021500180,2015-11-20,1610612763,Grizzlies,18.1
0021500181,2015-11-20,1610612765,Pistons,10.4
0021500181,2015-11-20,1610612750,Timberwolves,-10.4
0021500182,2015-11-20,1610612759,Spurs,-9.9
0021500182,2015-11-20,1610612740,Pelicans,9.9
0021500183,2015-11-20,1610612752,Knicks,3.1
0021500183,2015-11-20,1610612760,Thunder,-3.1
0021500184,2015-11-20,1610612762,Jazz,-6.1
0021500184,2015-11-20,1610612742,Mavericks,6.1
0021500185,2015-11-20,1610612743,Nuggets,-6.4
0021500185,2015-11-20,1610612756,Suns,6.4
0021500186,2015-11-20,1610612746,Clippers,-9.8
0021500186,2015-11-20,1610612757,Trail Blazers,9.8
0021500187,2015-11-20,1610612741,Bulls,-13.3
0021500187,2015-11-20,1610612744,Warriors,13.3
0021500188,2015-11-20,1610612761,Raptors,13.3
0021500188,2015-11-20,1610612747,Lakers,-13.3
0021500189,2015-11-21,1610612758,Kings,3.1
0021500189,2015-11-21,1610612753,Magic,-3.1
0021500190,2015-11-21,1610612749,Bucks,-29.8
0021500190,2015-11-21,1610612754,Pacers,29.8
0021500191,2015-11-21,1610612739,Cavaliers,13.1
0021500191,2015-11-21,1610612737,Hawks,-13.1
0021500192,2015-11-21,1610612765,Pistons,-4.9
0021500192,2015-11-21,1610612764,Wizards,4.9
0021500193,2015-11-21,1610612748,Heat,8.8
0021500193,2015-11-21,1610612755,76ers,-8.8
0021500194,2015-11-21,1610612745,Rockets,-6.1
0021500194,2015-11-21,1610612752,Knicks,6.1
0021500195,2015-11-21,1610612759,Spurs,9.6
0021500195,2015-11-21,1610612763,Grizzlies,-9.6
0021500196,2015-11-22,1610612761,Raptors,9.1
0021500196,2015-11-22,1610612746,Clippers,-9.1
0021500197,2015-11-22,1610612738,Celtics,-14.6
0021500197,2015-11-22,1610612751,Nets,14.6
0021500198,2015-11-22,1610612756,Suns,-7.6
0021500198,2015-11-22,1610612740,Pelicans,7.6
0021500199,2015-11-22,1610612760,Thunder,6.8
0021500199,2015-11-22,1610612742,Mavericks,-6.8
0021500200,2015-11-22,1610612743,Nuggets,-15.8
0021500200,2015-11-22,1610612744,Warriors,15.8
0021500201,2015-11-22,1610612747,Lakers,-12.8
0021500201,2015-11-22,1610612757,Trail Blazers,12.8
0021500202,2015-11-23,1610612758,Kings,-6.3
0021500202,2015-11-23,1610612766,Hornets,6.3
0021500203,2015-11-23,1610612753,Magic,-13.4
0021500203,2015-11-23,1610612739,Cavaliers,13.4
0021500204,2015-11-23,1610612748,Heat,21.8
0021500204,2015-11-23,1610612752,Knicks,-21.8
0021500205,2015-11-23,1610612765,Pistons,-30.3
0021500205,2015-11-23,1610612749,Bucks,30.3
0021500206,2015-11-23,1610612750,Timberwolves,4.1
0021500206,2015-11-23,1610612755,76ers,-4.1
0021500207,2015-11-23,1610612756,Suns,-14.5
0021500207,2015-11-23,1610612759,Spurs,14.5
0021500208,2015-11-23,1610612762,Jazz,-25.5
0021500208,2015-11-23,1610612760,Thunder,25.5
0021500209,2015-11-24,1610612754,Pacers,17.9
0021500209,2015-11-24,1610612764,Wizards,-17.9
0021500210,2015-11-24,1610612737,Hawks,19.0
0021500210,2015-11-24,1610612738,Celtics,-19.0
0021500211,2015-11-24,1610612763,Grizzlies,11.5
0021500211,2015-11-24,1610612742,Mavericks,-11.5
0021500212,2015-11-24,1610612746,Clippers,20.8
0021500212,2015-11-24,1610612743,Nuggets,-20.8
0021500213,2015-11-24,1610612741,Bulls,0.3
0021500213,2015-11-24,1610612757,Trail Blazers,-0.3
0021500214,2015-11-24,1610612744,Warriors,38.0
0021500214,2015-11-24,1610612747,Lakers,-38.0
0021500215,2015-11-25,1610612766,Hornets,12.6
0021500215,2015-11-25,1610612764,Wizards,-12.6
0021500216,2015-11-25,1610612752,Knicks,-10.6
0021500216,2015-11-25,1610612753,Magic,10.6
0021500217,2015-11-25,1610612738,Celtics,1.3
0021500217,2015-11-25,1610612755,76ers,-1.3
0021500218,2015-11-25,1610612765,Pistons,24.5
0021500218,2015-11-25,1610612748,Heat,-24.5
0021500219,2015-11-25,1610612739,Cavaliers,-2.4
0021500219,2015-11-25,1610612761,Raptors,2.4
0021500220,2015-11-25,1610612763,Grizzlies,8.0
0021500220,2015-11-25,1610612745,Rockets,-8.0
0021500221,2015-11-25,1610612758,Kings,18.4
0021500221,2015-11-25,1610612749,Bucks,-18.4
0021500222,2015-11-25,1610612737,Hawks,0.3
0021500222,2015-11-25,1610612750,Timberwolves,-0.3
0021500223,2015-11-25,1610612751,Nets,-13.6
0021500223,2015-11-25,1610612760,Thunder,13.6
0021500224,2015-11-25,1610612759,Spurs,6.4
0021500224,2015-11-25,1610612742,Mavericks,-6.4
0021500225,2015-11-25,1610612756,Suns,-6.6
0021500225,2015-11-25,1610612740,Pelicans,6.6
0021500226,2015-11-25,1610612762,Jazz,7.9
0021500226,2015-11-25,1610612746,Clippers,-7.9
0021500227,2015-11-27,1610612766,Hornets,-5.2
0021500227,2015-11-27,1610612739,Cavaliers,5.2
0021500228,2015-11-27,1610612749,Bucks,-20.7
0021500228,2015-11-27,1610612753,Magic,20.7
0021500229,2015-11-27,1610612764,Wizards,-33.5
0021500229,2015-11-27,1610612738,Celtics,33.5
0021500230,2015-11-27,1610612748,Heat,22.4
0021500230,2015-11-27,1610612752,Knicks,-22.4
0021500231,2015-11-27,1610612741,Bulls,-13.1
0021500231,2015-11-27,1610612754,Pacers,13.1
0021500232,2015-11-27,1610612745,Rockets,-1.2
0021500232,2015-11-27,1610612755,76ers,1.2
0021500233,2015-11-27,1610612763,Grizzlies,-19.5
0021500233,2015-11-27,1610612737,Hawks,19.5
0021500234,2015-11-27,1610612760,Thunder,13.0
0021500234,2015-11-27,1610612765,Pistons,-13.0
0021500235,2015-11-27,1610612743,Nuggets,-9.3
0021500235,2015-11-27,1610612759,Spurs,9.3
0021500236,2015-11-27,1610612744,Warriors,19.1
0021500236,2015-11-27,1610612756,Suns,-19.1
0021500237,2015-11-27,1610612758,Kings,-15.4
0021500237,2015-11-27,1610612750,Timberwolves,15.4
0021500238,2015-11-27,1610612740,Pelicans,-17.5
0021500238,2015-11-27,1610612746,Clippers,17.5
0021500239,2015-11-28,1610612764,Wizards,-6.3
0021500239,2015-11-28,1610612761,Raptors,6.3
0021500240,2015-11-28,1610612751,Nets,0.6
0021500240,2015-11-28,1610612739,Cavaliers,-0.6
0021500241,2015-11-28,1610612743,Nuggets,-14.4
0021500241,2015-11-28,1610612742,Mavericks,14.4
0021500242,2015-11-28,1610612737,Hawks,-21.3
0021500242,2015-11-28,1610612759,Spurs,21.3
0021500243,2015-11-28,1610612762,Jazz,14.7
0021500243,2015-11-28,1610612740,Pelicans,-14.7
0021500244,2015-11-28,1610612747,Lakers,-14.7
0021500244,2015-11-28,1610612757,Trail Blazers,14.7
0021500245,2015-11-28,1610612758,Kings,-25.7
0021500245,2015-11-28,1610612744,Warriors,25.7
0021500246,2015-11-29,1610612749,Bucks,-8.4
0021500246,2015-11-29,1610612766,Hornets,8.4
0021500247,2015-11-29,1610612750,Timberwolves,-12.3
0021500247,2015-11-29,1610612746,Clippers,12.3
0021500248,2015-11-29,1610612765,Pistons,-8.8
0021500248,2015-11-29,1610612751,Nets,8.8
0021500249,2015-11-29,1610612738,Celtics,-21.0
0021500249,2015-11-29,1610612753,Magic,21.0
0021500250,2015-11-29,1610612756,Suns,3.6
0021500250,2015-11-29,1610612761,Raptors,-3.6
0021500251,2015-11-29,1610612755,76ers,-7.0
0021500251,2015-11-29,1610612763,Grizzlies,7.0
0021500252,2015-11-29,1610612745,Rockets,6.6
0021500252,2015-11-29,1610612752,Knicks,-6.6
0021500253,2015-11-29,1610612747,Lakers,-3.2
0021500253,2015-11-29,1610612754,Pacers,3.2
0021500254,2015-11-30,1610612765,Pistons,12.2
0021500254,2015-11-30,1610612745,Rockets,-12.2
0021500255,2015-11-30,1610612738,Celtics,9.0
0021500255,2015-11-30,1610612748,Heat,-9.0
0021500256,2015-11-30,1610612737,Hawks,9.9
0021500256,2015-11-30,1610612760,Thunder,-9.9
0021500257,2015-11-30,1610612741,Bulls,4.3
0021500257,2015-11-30,1610612759,Spurs,-4.3
0021500258,2015-11-30,1610612743,Nuggets,-23.3
0021500258,2015-11-30,1610612749,Bucks,23.3
0021500259,2015-11-30,1610612744,Warriors,12.9
0021500259,2015-11-30,1610612762,Jazz,-12.9
0021500260,2015-11-30,1610612742,Mavericks,-12.1
0021500260,2015-11-30,1610612758,Kings,12.1
0021500261,2015-11-30,1610612746,Clippers,17.0
0021500261,2015-11-30,1610612757,Trail Blazers,-17.0
0021500262,2015-12-01,1610612764,Wizards,12.8
0021500262,2015-12-01,1610612739,Cavaliers,-12.8
0021500263,2015-12-01,1610612755,76ers,16.9
0021500263,2015-12-01,1610612747,Lakers,-16.9
0021500264,2015-12-01,1610612756,Suns,-0.6
0021500264,2015-12-01,1610612751,Nets,0.6
0021500265,2015-12-01,1610612750,Timberwolves,-3.0
0021500265,2015-12-01,1610612753,Magic,3.0
0021500266,2015-12-01,1610612740,Pelicans,-9.6
0021500266,2015-12-01,1610612763,Grizzlies,9.6
0021500267,2015-12-01,1610612757,Trail Blazers,-8.6
0021500267,2015-12-01,1610612742,Mavericks,8.6
0021500268,2015-12-02,1610612744,Warriors,15.9
0021500268,2015-12-02,1610612766,Hornets,-15.9
0021500269,2015-12-02,1610612764,Wizards,-5.5
0021500269,2015-12-02,1610612747,Lakers,5.5
0021500270,2015-12-02,1610612756,Suns,-0.7
0021500270,2015-12-02,1610612765,Pistons,0.7
0021500271,2015-12-02,1610612752,Knicks,6.3
0021500271,2015-12-02,1610612755,76ers,-6.3
0021500272,2015-12-02,1610612761,Raptors,12.0
0021500272,2015-12-02,1610612737,Hawks,-12.0
0021500273,2015-12-02,1610612741,Bulls,6.0
0021500273,2015-12-02,1610612743,Nuggets,-6.0
0021500274,2015-12-02,1610612745,Rockets,7.4
0021500274,2015-12-02,1610612740,Pelicans,-7.4
0021500275,2015-12-02,1610612749,Bucks,-23.9
0021500275,2015-12-02,1610612759,Spurs,23.9
0021500276,2015-12-02,1610612746,Clippers,-13.9
0021500276,2015-12-02,1610612754,Pacers,13.9
0021500277,2015-12-03,1610612760,Thunder,-4.2
0021500277,2015-12-03,1610612748,Heat,4.2
0021500278,2015-12-03,1610612743,Nuggets,5.4
0021500278,2015-12-03,1610612761,Raptors,-5.4
0021500279,2015-12-03,1610612753,Magic,10.2
0021500279,2015-12-03,1610612762,Jazz,-10.2
0021500280,2015-12-03,1610612763,Grizzlies,-21.6
0021500280,2015-12-03,1610612759,Spurs,21.6
0021500281,2015-12-03,1610612754,Pacers,-13.6
0021500281,2015-12-03,1610612757,Trail Blazers,13.6
0021500282,2015-12-03,1610612758,Kings,-16.7
0021500282,2015-12-03,1610612738,Celtics,16.7
0021500283,2015-12-04,1610612751,Nets,-13.4
0021500283,2015-12-04,1610612752,Knicks,13.4
0021500284,2015-12-04,1610612764,Wizards,2.0
0021500284,2015-12-04,1610612756,Suns,-2.0
0021500285,2015-12-04,1610612765,Pistons,5.0
0021500285,2015-12-04,1610612749,Bucks,-5.0
0021500286,2015-12-04,1610612747,Lakers,-16.3
0021500286,2015-12-04,1610612737,Hawks,16.3
0021500287,2015-12-04,1610612742,Mavericks,-6.2
0021500287,2015-12-04,1610612745,Rockets,6.2
0021500288,2015-12-04,1610612740,Pelicans,4.7
0021500288,2015-12-04,1610612739,Cavaliers,-4.7
0021500289,2015-12-05,1610612755,76ers,0.5
0021500289,2015-12-05,1610612743,Nuggets,-0.5
0021500290,2015-12-05,1610612744,Warriors,8.8
0021500290,2015-12-05,1610612761,Raptors,-8.8
0021500291,2015-12-05,1610612748,Heat,20.1
0021500291,2015-12-05,1610612739,Cavaliers,-20.1
0021500292,2015-12-05,1610612741,Bulls,-8.5
0021500292,2015-12-05,1610612766,Hornets,8.5
0021500293,2015-12-05,1610612758,Kings,-9.8
0021500293,2015-12-05,1610612745,Rockets,9.8
0021500294,2015-12-05,1610612757,Trail Blazers,4.2
0021500294,2015-12-05,1610612750,Timberwolves,-4.2
0021500295,2015-12-05,1610612752,Knicks,-13.0
0021500295,2015-12-05,1610612749,Bucks,13.0
0021500296,2015-12-05,1610612738,Celtics,-5.3
0021500296,2015-12-05,1610612759,Spurs,5.3
0021500297,2015-12-05,1610612754,Pacers,-10.7
0021500297,2015-12-05,1610612762,Jazz,10.7
0021500298,2015-12-05,1610612746,Clippers,2.0
0021500298,2015-12-05,1610612753,Magic,-2.0
0021500299,2015-12-06,1610612756,Suns,0.0
0021500299,2015-12-06,1610612763,Grizzlies,0.0
0021500300,2015-12-06,1610612744,Warriors,19.3
0021500300,2015-12-06,1610612751,Nets,-19.3
0021500301,2015-12-06,1610612765,Pistons,15.1
0021500301,2015-12-06,1610612747,Lakers,-15.1
0021500302,2015-12-06,1610612742,Mavericks,13.7
0021500302,2015-12-06,1610612764,Wizards,-13.7
0021500303,2015-12-06,1610612758,Kings,-3.5
0021500303,2015-12-06,1610612760,Thunder,3.5
0021500304,2015-12-07,1610612766,Hornets,21.8
0021500304,2015-12-07,1610612765,Pistons,-21.8
0021500305,2015-12-07,1610612755,76ers,-62.3
0021500305,2015-12-07,1610612759,Spurs,62.3
0021500306,2015-12-07,1610612764,Wizards,2.2
0021500306,2015-12-07,1610612748,Heat,-2.2
0021500307,2015-12-07,1610612752,Knicks,-13.0
0021500307,2015-12-07,1610612742,Mavericks,13.0
0021500308,2015-12-07,1610612747,Lakers,-14.3
0021500308,2015-12-07,1610612761,Raptors,14.3
0021500309,2015-12-07,1610612756,Suns,-4.1
0021500309,2015-12-07,1610612741,Bulls,4.1
0021500310,2015-12-07,1610612749,Bucks,2.5
0021500310,2015-12-07,1610612757,Trail Blazers,-2.5
0021500311,2015-12-07,1610612746,Clippers,4.5
0021500311,2015-12-07,1610612750,Timberwolves,-4.5
0021500312,2015-12-07,1610612740,Pelicans,-18.6
0021500312,2015-12-07,1610612738,Celtics,18.6
0021500313,2015-12-08,1610612739,Cavaliers,10.4
0021500313,2015-12-08,1610612757,Trail Blazers,-10.4
0021500314,2015-12-08,1610612744,Warriors,12.5
0021500314,2015-12-08,1610612754,Pacers,-12.5
0021500315,2015-12-08,1610612745,Rockets,-8.5
0021500315,2015-12-08,1610612751,Nets,8.5
0021500316,2015-12-08,1610612760,Thunder,38.1
0021500316,2015-12-08,1610612763,Grizzlies,-38.1
0021500317,2015-12-08,1610612743,Nuggets,-10.3
0021500317,2015-12-08,1610612753,Magic,10.3
0021500318,2015-12-08,1610612758,Kings,8.6
0021500318,2015-12-08,1610612762,Jazz,-8.6
0021500319,2015-12-09,1610612741,Bulls,-5.6
0021500319,2015-12-09,1610612738,Celtics,5.6
0021500320,2015-12-09,1610612748,Heat,-18.7
0021500320,2015-12-09,1610612766,Hornets,18.7
0021500321,2015-12-09,1610612745,Rockets,5.2
0021500321,2015-12-09,1610612764,Wizards,-5.2
0021500322,2015-12-09,1610612765,Pistons,0.1
0021500322,2015-12-09,1610612763,Grizzlies,-0.1
0021500323,2015-12-09,1610612761,Raptors,3.2
0021500323,2015-12-09,1610612759,Spurs,-3.2
0021500324,2015-12-09,1610612749,Bucks,-15.5
0021500324,2015-12-09,1610612746,Clippers,15.5
0021500325,2015-12-09,1610612750,Timberwolves,-2.1
0021500325,2015-12-09,1610612747,Lakers,2.1
0021500326,2015-12-09,1610612753,Magic,-7.3
0021500326,2015-12-09,1610612756,Suns,7.3
0021500327,2015-12-09,1610612762,Jazz,18.6
0021500327,2015-12-09,1610612752,Knicks,-18.6
0021500328,2015-12-09,1610612737,Hawks,2.5
0021500328,2015-12-09,1610612742,Mavericks,-2.5
0021500329,2015-12-10,1610612751,Nets,8.2
0021500329,2015-12-10,1610612755,76ers,-8.2
0021500330,2015-12-10,1610612741,Bulls,2.5
0021500330,2015-12-10,1610612746,Clippers,-2.5
0021500331,2015-12-10,1610612760,Thunder,11.2
0021500331,2015-12-10,1610612737,Hawks,-11.2
0021500332,2015-12-10,1610612758,Kings,1.3
0021500332,2015-12-10,1610612752,Knicks,-1.3
0021500333,2015-12-11,1610612748,Heat,-11.3
0021500333,2015-12-11,1610612754,Pacers,11.3
0021500334,2015-12-11,1610612753,Magic,-38.1
0021500334,2015-12-11,1610612739,Cavaliers,38.1
0021500335,2015-12-11,1610612765,Pistons,13.9
0021500335,2015-12-11,1610612755,76ers,-13.9
0021500336,2015-12-11,1610612738,Celtics,-4.7
0021500336,2015-12-11,1610612744,Warriors,4.7
0021500337,2015-12-11,1610612749,Bucks,-9.7
0021500337,2015-12-11,1610612761,Raptors,9.7
0021500338,2015-12-11,1610612763,Grizzlies,-21.0
0021500338,2015-12-11,1610612766,Hornets,21.0
0021500339,2015-12-11,1610612764,Wizards,-0.1
0021500339,2015-12-11,1610612740,Pelicans,0.1
0021500340,2015-12-11,1610612743,Nuggets,0.1
0021500340,2015-12-11,1610612750,Timberwolves,-0.1
0021500341,2015-12-11,1610612762,Jazz,-5.1
0021500341,2015-12-11,1610612760,Thunder,5.1
0021500342,2015-12-11,1610612747,Lakers,-27.2
0021500342,2015-12-11,1610612759,Spurs,27.2
0021500343,2015-12-11,1610612757,Trail Blazers,8.1
0021500343,2015-12-11,1610612756,Suns,-8.1
0021500344,2015-12-12,1610612746,Clippers,3.3
0021500344,2015-12-12,1610612751,Nets,-3.3
0021500345,2015-12-12,1610612738,Celtics,-0.8
0021500345,2015-12-12,1610612766,Hornets,0.8
0021500346,2015-12-12,1610612754,Pacers,-20.2
0021500346,2015-12-12,1610612765,Pistons,20.2
0021500347,2015-12-12,1610612737,Hawks,-21.9
0021500347,2015-12-12,1610612759,Spurs,21.9
0021500348,2015-12-12,1610612741,Bulls,6.1
0021500348,2015-12-12,1610612740,Pelicans,-6.1
0021500349,2015-12-12,1610612747,Lakers,-30.3
0021500349,2015-12-12,1610612745,Rockets,30.3
0021500350,2015-12-12,1610612764,Wizards,4.0
0021500350,2015-12-12,1610612742,Mavericks,-4.0
0021500351,2015-12-12,1610612749,Bucks,6.0
0021500351,2015-12-12,1610612744,Warriors,-6.0
0021500352,2015-12-12,1610612752,Knicks,7.8
0021500352,2015-12-12,1610612757,Trail Blazers,-7.8
0021500353,2015-12-13,1610612756,Suns,11.3
0021500353,2015-12-13,1610612750,Timberwolves,-11.3
0021500354,2015-12-13,1610612763,Grizzlies,-4.5
0021500354,2015-12-13,1610612748,Heat,4.5
0021500355,2015-12-13,1610612761,Raptors,22.9
0021500355,2015-12-13,1610612755,76ers,-22.9
0021500356,2015-12-13,1610612762,Jazz,-12.2
0021500356,2015-12-13,1610612760,Thunder,12.2
0021500357,2015-12-14,1610612754,Pacers,15.9
0021500357,2015-12-14,1610612761,Raptors,-15.9
0021500358,2015-12-14,1610612751,Nets,-26.6
0021500358,2015-12-14,1610612753,Magic,26.6
0021500359,2015-12-14,1610612765,Pistons,-4.8
0021500359,2015-12-14,1610612746,Clippers,4.8
0021500360,2015-12-14,1610612737,Hawks,-11.3
0021500360,2015-12-14,1610612748,Heat,11.3
0021500361,2015-12-14,1610612741,Bulls,18.2
0021500361,2015-12-14,1610612755,76ers,-18.2
0021500362,2015-12-14,1610612764,Wizards,-21.0
0021500362,2015-12-14,1610612763,Grizzlies,21.0
0021500363,2015-12-14,1610612756,Suns,-9.9
0021500363,2015-12-14,1610612742,Mavericks,9.9
0021500364,2015-12-14,1610612762,Jazz,-44.2
0021500364,2015-12-14,1610612759,Spurs,44.2
0021500365,2015-12-14,1610612743,Nuggets,8.4
0021500365,2015-12-14,1610612745,Rockets,-8.4
0021500366,2015-12-14,1610612740,Pelicans,-5.2
0021500366,2015-12-14,1610612757,Trail Blazers,5.2
0021500367,2015-12-15,1610612738,Celtics,-11.9
0021500367,2015-12-15,1610612739,Cavaliers,11.9
0021500368,2015-12-15,1610612750,Timberwolves,-14.3
0021500368,2015-12-15,1610612743,Nuggets,14.3
0021500369,2015-12-15,1610612758,Kings,8.7
0021500369,2015-12-15,1610612745,Rockets,-8.7
0021500370,2015-12-15,1610612747,Lakers,15.3
0021500370,2015-12-15,1610612749,Bucks,-15.3
0021500371,2015-12-16,1610612754,Pacers,22.7
0021500371,2015-12-16,1610612742,Mavericks,-22.7
0021500372,2015-12-16,1610612766,Hornets,-13.4
0021500372,2015-12-16,1610612753,Magic,13.4
0021500373,2015-12-16,1610612751,Nets,-8.6
0021500373,2015-12-16,1610612748,Heat,8.6
0021500374,2015-12-16,1610612738,Celtics,-8.9
0021500374,2015-12-16,1610612765,Pistons,8.9
0021500375,2015-12-16,1610612750,Timberwolves,-5.0
0021500375,2015-12-16,1610612752,Knicks,5.0
0021500376,2015-12-16,1610612755,76ers,-25.5
0021500376,2015-12-16,1610612737,Hawks,25.5
0021500377,2015-12-16,1610612741,Bulls,12.9
0021500377,2015-12-16,1610612763,Grizzlies,-12.9
0021500378,2015-12-16,1610612757,Trail Blazers,-16.5
0021500378,2015-12-16,1610612760,Thunder,16.5
0021500379,2015-12-16,1610612764,Wizards,-18.2
0021500379,2015-12-16,1610612759,Spurs,18.2
0021500380,2015-12-16,1610612740,Pelicans,12.0
0021500380,2015-12-16,1610612762,Jazz,-12.0
0021500381,2015-12-16,1610612756,Suns,-27.4
0021500381,2015-12-16,1610612744,Warriors,27.4
0021500382,2015-12-16,1610612746,Clippers,12.3
0021500382,2015-12-16,1610612749,Bucks,-12.3
0021500383,2015-12-17,1610612766,Hornets,10.8
0021500383,2015-12-17,1610612761,Raptors,-10.8
0021500384,2015-12-17,1610612760,Thunder,3.3
0021500384,2015-12-17,1610612739,Cavaliers,-3.3
0021500385,2015-12-17,1610612745,Rockets,16.1
0021500385,2015-12-17,1610612747,Lakers,-16.1
0021500386,2015-12-18,1610612751,Nets,-6.2
0021500386,2015-12-18,1610612754,Pacers,6.2
0021500387,2015-12-18,1610612753,Magic,7.0
0021500387,2015-12-18,1610612757,Trail Blazers,-7.0
0021500388,2015-12-18,1610612755,76ers,-13.0
0021500388,2015-12-18,1610612752,Knicks,13.0
0021500389,2015-12-18,1610612737,Hawks,9.3
0021500389,2015-12-18,1610612738,Celtics,-9.3
0021500390,2015-12-18,1610612748,Heat,-15.2
0021500390,2015-12-18,1610612761,Raptors,15.2
0021500391,2015-12-18,1610612765,Pistons,2.3
0021500391,2015-12-18,1610612741,Bulls,-2.3
0021500392,2015-12-18,1610612758,Kings,-4.8
0021500392,2015-12-18,1610612750,Timberwolves,4.8
0021500393,2015-12-18,1610612746,Clippers,-6.0
0021500393,2015-12-18,1610612759,Spurs,6.0
0021500394,2015-12-18,1610612763,Grizzlies,-6.8
0021500394,2015-12-18,1610612742,Mavericks,6.8
0021500395,2015-12-18,1610612743,Nuggets,-5.4
0021500395,2015-12-18,1610612762,Jazz,5.4
0021500396,2015-12-18,1610612756,Suns,16.5
0021500396,2015-12-18,1610612740,Pelicans,-16.5
0021500397,2015-12-18,1610612744,Warriors,10.8
0021500397,2015-12-18,1610612749,Bucks,-10.8
0021500398,2015-12-19,1610612760,Thunder,42.0
0021500398,2015-12-19,1610612747,Lakers,-42.0
0021500399,2015-12-19,1610612766,Hornets,-10.1
0021500399,2015-12-19,1610612764,Wizards,10.1
0021500400,2015-12-19,1610612752,Knicks,18.8
0021500400,2015-12-19,1610612741,Bulls,-18.8
0021500401,2015-12-19,1610612746,Clippers,-9.8
0021500401,2015-12-19,1610612745,Rockets,9.8
0021500402,2015-12-19,1610612763,Grizzlies,10.6
0021500402,2015-12-19,1610612754,Pacers,-10.6
0021500403,2015-12-20,1610612750,Timberwolves,14.7
0021500403,2015-12-20,1610612751,Nets,-14.7
0021500404,2015-12-20,1610612757,Trail Blazers,-13.7
0021500404,2015-12-20,1610612748,Heat,13.7
0021500405,2015-12-20,1610612755,76ers,-25.2
0021500405,2015-12-20,1610612739,Cavaliers,25.2
0021500406,2015-12-20,1610612756,Suns,-8.1
0021500406,2015-12-20,1610612749,Bucks,8.1
0021500407,2015-12-20,1610612737,Hawks,0.7
0021500407,2015-12-20,1610612753,Magic,-0.7
0021500408,2015-12-20,1610612758,Kings,13.1
0021500408,2015-12-20,1610612761,Raptors,-13.1
0021500409,2015-12-20,1610612743,Nuggets,-5.8
0021500409,2015-12-20,1610612740,Pelicans,5.8
0021500410,2015-12-21,1610612758,Kings,-19.5
0021500410,2015-12-21,1610612764,Wizards,19.5
0021500411,2015-12-21,1610612738,Celtics,12.9
0021500411,2015-12-21,1610612750,Timberwolves,-12.9
0021500412,2015-12-21,1610612753,Magic,4.1
0021500412,2015-12-21,1610612752,Knicks,-4.1
0021500413,2015-12-21,1610612757,Trail Blazers,-7.5
0021500413,2015-12-21,1610612737,Hawks,7.5
0021500414,2015-12-21,1610612751,Nets,2.6
0021500414,2015-12-21,1610612741,Bulls,-2.6
0021500415,2015-12-21,1610612745,Rockets,6.6
0021500415,2015-12-21,1610612766,Hornets,-6.6
0021500416,2015-12-21,1610612759,Spurs,17.4
0021500416,2015-12-21,1610612754,Pacers,-17.4
0021500417,2015-12-21,1610612756,Suns,-22.4
0021500417,2015-12-21,1610612762,Jazz,22.4
0021500418,2015-12-21,1610612760,Thunder,2.5
0021500418,2015-12-21,1610612746,Clippers,-2.5
0021500419,2015-12-22,1610612755,76ers,-13.8
0021500419,2015-12-22,1610612763,Grizzlies,13.8
0021500420,2015-12-22,1610612765,Pistons,0.1
0021500420,2015-12-22,1610612748,Heat,-0.1
0021500421,2015-12-22,1610612742,Mavericks,-9.6
0021500421,2015-12-22,1610612761,Raptors,9.6
0021500422,2015-12-22,1610612743,Nuggets,-3.3
0021500422,2015-12-22,1610612747,Lakers,3.3
0021500423,2015-12-23,1610612738,Celtics,12.6
0021500423,2015-12-23,1610612766,Hornets,-12.6
0021500424,2015-12-23,1610612752,Knicks,-11.1
0021500424,2015-12-23,1610612739,Cavaliers,11.1
0021500425,2015-12-23,1610612754,Pacers,1.3
0021500425,2015-12-23,1610612758,Kings,-1.3
0021500426,2015-12-23,1610612753,Magic,4.2
0021500426,2015-12-23,1610612745,Rockets,-4.2
0021500427,2015-12-23,1610612763,Grizzlies,-5.0
0021500427,2015-12-23,1610612764,Wizards,5.0
0021500428,2015-12-23,1610612742,Mavericks,2.7
0021500428,2015-12-23,1610612751,Nets,-2.7
0021500429,2015-12-23,1610612765,Pistons,-8.4
0021500429,2015-12-23,1610612737,Hawks,8.4
0021500430,2015-12-23,1610612755,76ers,-17.2
0021500430,2015-12-23,1610612749,Bucks,17.2
0021500431,2015-12-23,1610612759,Spurs,25.2
0021500431,2015-12-23,1610612750,Timberwolves,-25.2
0021500432,2015-12-23,1610612740,Pelicans,26.0
0021500432,2015-12-23,1610612757,Trail Blazers,-26.0
0021500433,2015-12-23,1610612756,Suns,-5.8
0021500433,2015-12-23,1610612743,Nuggets,5.8
0021500434,2015-12-23,1610612744,Warriors,15.9
0021500434,2015-12-23,1610612762,Jazz,-15.9
0021500435,2015-12-23,1610612747,Lakers,-33.3
0021500435,2015-12-23,1610612760,Thunder,33.3
0021500436,2015-12-25,1610612748,Heat,5.6
0021500436,2015-12-25,1610612740,Pelicans,-5.6
0021500437,2015-12-25,1610612741,Bulls,10.2
0021500437,2015-12-25,1610612760,Thunder,-10.2
0021500438,2015-12-25,1610612739,Cavaliers,-7.9
0021500438,2015-12-25,1610612744,Warriors,7.9
0021500439,2015-12-25,1610612745,Rockets,4.3
0021500439,2015-12-25,1610612759,Spurs,-4.3
0021500440,2015-12-25,1610612747,Lakers,-10.4
0021500440,2015-12-25,1610612746,Clippers,10.4
0021500441,2015-12-26,1610612749,Bucks,-27.4
0021500441,2015-12-26,1610612761,Raptors,27.4
0021500442,2015-12-26,1610612752,Knicks,-24.7
0021500442,2015-12-26,1610612737,Hawks,24.7
0021500443,2015-12-26,1610612763,Grizzlies,-7.4
0021500443,2015-12-26,1610612766,Hornets,7.4
0021500444,2015-12-26,1610612753,Magic,-6.1
0021500444,2015-12-26,1610612748,Heat,6.1
0021500445,2015-12-26,1610612745,Rockets,-1.3
0021500445,2015-12-26,1610612740,Pelicans,1.3
0021500446,2015-12-26,1610612765,Pistons,-7.9
0021500446,2015-12-26,1610612738,Celtics,7.9
0021500447,2015-12-26,1610612751,Nets,-15.4
0021500447,2015-12-26,1610612764,Wizards,15.4
0021500448,2015-12-26,1610612750,Timberwolves,-11.1
0021500448,2015-12-26,1610612754,Pacers,11.1
0021500449,2015-12-26,1610612742,Mavericks,6.3
0021500449,2015-12-26,1610612741,Bulls,-6.3
0021500450,2015-12-26,1610612759,Spurs,20.5
0021500450,2015-12-26,1610612743,Nuggets,-20.5
0021500451,2015-12-26,1610612755,76ers,7.7
0021500451,2015-12-26,1610612756,Suns,-7.7
0021500452,2015-12-26,1610612746,Clippers,3.3
0021500452,2015-12-26,1610612762,Jazz,-3.3
0021500453,2015-12-26,1610612739,Cavaliers,-26.0
0021500453,2015-12-26,1610612757,Trail Blazers,26.0
0021500454,2015-12-27,1610612738,Celtics,13.0
0021500454,2015-12-27,1610612752,Knicks,-13.0
0021500455,2015-12-27,1610612747,Lakers,-18.6
0021500455,2015-12-27,1610612763,Grizzlies,18.6
0021500456,2015-12-27,1610612760,Thunder,11.2
0021500456,2015-12-27,1610612743,Nuggets,-11.2
0021500457,2015-12-27,1610612757,Trail Blazers,6.1
0021500457,2015-12-27,1610612758,Kings,-6.1
0021500458,2015-12-28,1610612747,Lakers,-8.3
0021500458,2015-12-28,1610612766,Hornets,8.3
0021500459,2015-12-28,1610612737,Hawks,-6.1
0021500459,2015-12-28,1610612754,Pacers,6.1
0021500460,2015-12-28,1610612753,Magic,14.7
0021500460,2015-12-28,1610612740,Pelicans,-14.7
0021500461,2015-12-28,1610612746,Clippers,16.3
0021500461,2015-12-28,1610612764,Wizards,-16.3
0021500462,2015-12-28,1610612748,Heat,-5.6
0021500462,2015-12-28,1610612751,Nets,5.6
0021500463,2015-12-28,1610612741,Bulls,4.0
0021500463,2015-12-28,1610612761,Raptors,-4.0
0021500464,2015-12-28,1610612742,Mavericks,11.9
0021500464,2015-12-28,1610612749,Bucks,-11.9
0021500465,2015-12-28,1610612759,Spurs,11.3
0021500465,2015-12-28,1610612750,Timberwolves,-11.3
0021500466,2015-12-28,1610612756,Suns,-5.5
0021500466,2015-12-28,1610612739,Cavaliers,5.5
0021500467,2015-12-28,1610612762,Jazz,4.3
0021500467,2015-12-28,1610612755,76ers,-4.3
0021500468,2015-12-28,1610612758,Kings,-22.5
0021500468,2015-12-28,1610612744,Warriors,22.5
0021500469,2015-12-29,1610612765,Pistons,-14.4
0021500469,2015-12-29,1610612752,Knicks,14.4
0021500470,2015-12-29,1610612737,Hawks,2.7
0021500470,2015-12-29,1610612745,Rockets,-2.7
0021500471,2015-12-29,1610612763,Grizzlies,14.4
0021500471,2015-12-29,1610612748,Heat,-14.4
0021500472,2015-12-29,1610612749,Bucks,-8.8
0021500472,2015-12-29,1610612760,Thunder,8.8
0021500473,2015-12-29,1610612739,Cavaliers,7.1
0021500473,2015-12-29,1610612743,Nuggets,-7.1
0021500474,2015-12-30,1610612766,Hornets,-10.1
0021500474,2015-12-30,1610612746,Clippers,10.1
0021500475,2015-12-30,1610612751,Nets,-10.3
0021500475,2015-12-30,1610612753,Magic,10.3
0021500476,2015-12-30,1610612747,Lakers,6.8
0021500476,2015-12-30,1610612738,Celtics,-6.8
0021500477,2015-12-30,1610612761,Raptors,-2.3
0021500477,2015-12-30,1610612764,Wizards,2.3
0021500478,2015-12-30,1610612754,Pacers,-0.7
0021500478,2015-12-30,1610612741,Bulls,0.7
0021500479,2015-12-30,1610612750,Timberwolves,20.8
0021500479,2015-12-30,1610612762,Jazz,-20.8
0021500480,2015-12-30,1610612744,Warriors,-26.3
0021500480,2015-12-30,1610612742,Mavericks,26.3
0021500481,2015-12-30,1610612756,Suns,-32.5
0021500481,2015-12-30,1610612759,Spurs,32.5
0021500482,2015-12-30,1610612743,Nuggets,-5.5
0021500482,2015-12-30,1610612757,Trail Blazers,5.5
0021500483,2015-12-30,1610612758,Kings,-5.7
0021500483,2015-12-30,1610612755,76ers,5.7
0021500484,2015-12-31,1610612749,Bucks,7.1
0021500484,2015-12-31,1610612754,Pacers,-7.1
0021500485,2015-12-31,1610612744,Warriors,3.8
0021500485,2015-12-31,1610612745,Rockets,-3.8
0021500486,2015-12-31,1610612750,Timberwolves,-25.1
0021500486,2015-12-31,1610612765,Pistons,25.1
0021500487,2015-12-31,1610612746,Clippers,8.2
0021500487,2015-12-31,1610612740,Pelicans,-8.2
0021500488,2015-12-31,1610612756,Suns,-7.0
0021500488,2015-12-31,1610612760,Thunder,7.0
0021500489,2015-12-31,1610612757,Trail Blazers,-18.3
0021500489,2015-12-31,1610612762,Jazz,18.3
0021500490,2016-01-01,1610612764,Wizards,15.8
0021500490,2016-01-01,1610612753,Magic,-15.8
0021500491,2016-01-01,1610612748,Heat,25.6
0021500491,2016-01-01,1610612742,Mavericks,-25.6
0021500492,2016-01-01,1610612761,Raptors,8.6
0021500492,2016-01-01,1610612766,Hornets,-8.6
0021500493,2016-01-01,1610612741,Bulls,32.4
0021500493,2016-01-01,1610612752,Knicks,-32.4
0021500494,2016-01-01,1610612747,Lakers,8.5
0021500494,2016-01-01,1610612755,76ers,-8.5
0021500495,2016-01-02,1610612751,Nets,-1.3
0021500495,2016-01-02,1610612738,Celtics,1.3
0021500496,2016-01-02,1610612758,Kings,21.9
0021500496,2016-01-02,1610612756,Suns,-21.9
0021500497,2016-01-02,1610612760,Thunder,16.0
0021500497,2016-01-02,1610612766,Hornets,-16.0
0021500498,2016-01-02,1610612754,Pacers,19.2
0021500498,2016-01-02,1610612765,Pistons,-19.2
0021500499,2016-01-02,1610612739,Cavaliers,25.0
0021500499,2016-01-02,1610612753,Magic,-25.0
0021500500,2016-01-02,1610612750,Timberwolves,-16.5
0021500500,2016-01-02,1610612749,Bucks,16.5
0021500501,2016-01-02,1610612740,Pelicans,4.7
0021500501,2016-01-02,1610612742,Mavericks,-4.7
0021500502,2016-01-02,1610612759,Spurs,17.6
0021500502,2016-01-02,1610612745,Rockets,-17.6
0021500503,2016-01-02,1610612762,Jazz,7.2
0021500503,2016-01-02,1610612763,Grizzlies,-7.2
0021500504,2016-01-02,1610612743,Nuggets,-6.0
0021500504,2016-01-02,1610612744,Warriors,6.0
0021500505,2016-01-02,1610612746,Clippers,29.2
0021500505,2016-01-02,1610612755,76ers,-29.2
0021500506,2016-01-03,1610612737,Hawks,-15.9
0021500506,2016-01-03,1610612752,Knicks,15.9
0021500507,2016-01-03,1610612741,Bulls,2.5
0021500507,2016-01-03,1610612761,Raptors,-2.5
0021500508,2016-01-03,1610612748,Heat,24.3
0021500508,2016-01-03,1610612764,Wizards,-24.3
0021500509,2016-01-03,1610612743,Nuggets,-5.1
0021500509,2016-01-03,1610612757,Trail Blazers,5.1
0021500510,2016-01-03,1610612756,Suns,-19.9
0021500510,2016-01-03,1610612747,Lakers,19.9
0021500511,2016-01-04,1610612739,Cavaliers,25.3
0021500511,2016-01-04,1610612761,Raptors,-25.3
0021500512,2016-01-04,1610612750,Timberwolves,-6.3
0021500512,2016-01-04,1610612755,76ers,6.3
0021500513,2016-01-04,1610612751,Nets,-8.9
0021500513,2016-01-04,1610612738,Celtics,8.9
0021500514,2016-01-04,1610612765,Pistons,32.0
0021500514,2016-01-04,1610612753,Magic,-32.0
0021500515,2016-01-04,1610612754,Pacers,-4.8
0021500515,2016-01-04,1610612748,Heat,4.8
0021500516,2016-01-04,1610612749,Bucks,-22.6
0021500516,2016-01-04,1610612759,Spurs,22.6
0021500517,2016-01-04,1610612758,Kings,6.4
0021500517,2016-01-04,1610612760,Thunder,-6.4
0021500518,2016-01-04,1610612762,Jazz,-2.0
0021500518,2016-01-04,1610612745,Rockets,2.0
0021500519,2016-01-04,1610612757,Trail Blazers,-12.5
0021500519,2016-01-04,1610612763,Grizzlies,12.5
0021500520,2016-01-04,1610612766,Hornets,-13.0
0021500520,2016-01-04,1610612744,Warriors,13.0
0021500521,2016-01-05,1610612737,Hawks,-8.6
0021500521,2016-01-05,1610612752,Knicks,8.6
0021500522,2016-01-05,1610612749,Bucks,-12.4
0021500522,2016-01-05,1610612741,Bulls,12.4
0021500523,2016-01-05,1610612758,Kings,-4.5
0021500523,2016-01-05,1610612742,Mavericks,4.5
0021500524,2016-01-05,1610612747,Lakers,-27.2
0021500524,2016-01-05,1610612744,Warriors,27.2
0021500525,2016-01-06,1610612752,Knicks,13.6
0021500525,2016-01-06,1610612748,Heat,-13.6
0021500526,2016-01-06,1610612753,Magic,-8.2
0021500526,2016-01-06,1610612754,Pacers,8.2
0021500527,2016-01-06,1610612739,Cavaliers,5.6
0021500527,2016-01-06,1610612764,Wizards,-5.6
0021500528,2016-01-06,1610612738,Celtics,-8.1
0021500528,2016-01-06,1610612765,Pistons,8.1
0021500529,2016-01-06,1610612761,Raptors,21.1
0021500529,2016-01-06,1610612751,Nets,-21.1
0021500530,2016-01-06,1610612750,Timberwolves,-2.9
0021500530,2016-01-06,1610612743,Nuggets,2.9
0021500531,2016-01-06,1610612740,Pelicans,-9.5
0021500531,2016-01-06,1610612742,Mavericks,9.5
0021500532,2016-01-06,1610612762,Jazz,-25.0
0021500532,2016-01-06,1610612759,Spurs,25.0
0021500533,2016-01-06,1610612766,Hornets,-10.0
0021500533,2016-01-06,1610612756,Suns,10.0
0021500534,2016-01-06,1610612763,Grizzlies,-17.0
0021500534,2016-01-06,1610612760,Thunder,17.0
0021500535,2016-01-06,1610612757,Trail Blazers,-15.2
0021500535,2016-01-06,1610612746,Clippers,15.2
0021500536,2016-01-07,1610612737,Hawks,28.6
0021500536,2016-01-07,1610612755,76ers,-28.6
0021500537,2016-01-07,1610612741,Bulls,7.0
0021500537,2016-01-07,1610612738,Celtics,-7.0
0021500538,2016-01-07,1610612762,Jazz,-13.2
0021500538,2016-01-07,1610612745,Rockets,13.2
0021500539,2016-01-07,1610612747,Lakers,-1.7
0021500539,2016-01-07,1610612758,Kings,1.7
0021500540,2016-01-08,1610612764,Wizards,-8.0
0021500540,2016-01-08,1610612761,Raptors,8.0
0021500541,2016-01-08,1610612753,Magic,8.1
0021500541,2016-01-08,1610612751,Nets,-8.1
0021500542,2016-01-08,1610612743,Nuggets,-9.7
0021500542,2016-01-08,1610612763,Grizzlies,9.7
0021500543,2016-01-08,1610612750,Timberwolves,-27.9
0021500543,2016-01-08,1610612739,Cavaliers,27.9
0021500544,2016-01-08,1610612754,Pacers,4.5
0021500544,2016-01-08,1610612740,Pelicans,-4.5
0021500545,2016-01-08,1610612742,Mavericks,0.9
0021500545,2016-01-08,1610612749,Bucks,-0.9
0021500546,2016-01-08,1610612752,Knicks,-2.1
0021500546,2016-01-08,1610612759,Spurs,2.1
0021500547,2016-01-08,1610612756,Suns,-12.3
0021500547,2016-01-08,1610612748,Heat,12.3
0021500548,2016-01-08,1610612744,Warriors,17.9
0021500548,2016-01-08,1610612757,Trail Blazers,-17.9
0021500549,2016-01-08,1610612760,Thunder,3.5
0021500549,2016-01-08,1610612747,Lakers,-3.5
0021500550,2016-01-09,1610612766,Hornets,-20.9
0021500550,2016-01-09,1610612746,Clippers,20.9
0021500551,2016-01-09,1610612741,Bulls,-12.0
0021500551,2016-01-09,1610612737,Hawks,12.0
0021500552,2016-01-09,1610612764,Wizards,3.1
0021500552,2016-01-09,1610612753,Magic,-3.1
0021500553,2016-01-09,1610612765,Pistons,11.6
0021500553,2016-01-09,1610612751,Nets,-11.6
0021500554,2016-01-09,1610612761,Raptors,9.7
0021500554,2016-01-09,1610612755,76ers,-9.7
0021500555,2016-01-09,1610612748,Heat,-17.1
0021500555,2016-01-09,1610612762,Jazz,17.1
0021500556,2016-01-09,1610612758,Kings,-15.9
0021500556,2016-01-09,1610612744,Warriors,15.9
0021500557,2016-01-10,1610612742,Mavericks,11.2
0021500557,2016-01-10,1610612750,Timberwolves,-11.2
0021500558,2016-01-10,1610612746,Clippers,4.4
0021500558,2016-01-10,1610612740,Pelicans,-4.4
0021500559,2016-01-10,1610612739,Cavaliers,9.5
0021500559,2016-01-10,1610612755,76ers,-9.5
0021500560,2016-01-10,1610612738,Celtics,-4.4
0021500560,2016-01-10,1610612763,Grizzlies,4.4
0021500561,2016-01-10,1610612754,Pacers,0.5
0021500561,2016-01-10,1610612745,Rockets,-0.5
0021500562,2016-01-10,1610612749,Bucks,-12.3
0021500562,2016-01-10,1610612752,Knicks,12.3
0021500563,2016-01-10,1610612743,Nuggets,6.6
0021500563,2016-01-10,1610612766,Hornets,-6.6
0021500564,2016-01-10,1610612760,Thunder,-4.5
0021500564,2016-01-10,1610612757,Trail Blazers,4.5
0021500565,2016-01-10,1610612747,Lakers,-13.9
0021500565,2016-01-10,1610612762,Jazz,13.9
0021500566,2016-01-11,1610612759,Spurs,28.3
0021500566,2016-01-11,1610612751,Nets,-28.3
0021500567,2016-01-11,1610612764,Wizards,12.3
0021500567,2016-01-11,1610612741,Bulls,-12.3
0021500568,2016-01-11,1610612748,Heat,-8.9
0021500568,2016-01-11,1610612744,Warriors,8.9
0021500569,2016-01-12,1610612756,Suns,-25.4
0021500569,2016-01-12,1610612754,Pacers,25.4
0021500570,2016-01-12,1610612765,Pistons,-10.2
0021500570,2016-01-12,1610612759,Spurs,10.2
0021500571,2016-01-12,1610612752,Knicks,6.3
0021500571,2016-01-12,1610612738,Celtics,-6.3
0021500572,2016-01-12,1610612763,Grizzlies,-19.0
0021500572,2016-01-12,1610612745,Rockets,19.0
0021500573,2016-01-12,1610612749,Bucks,0.9
0021500573,2016-01-12,1610612741,Bulls,-0.9
0021500574,2016-01-12,1610612750,Timberwolves,-1.3
0021500574,2016-01-12,1610612760,Thunder,1.3
0021500575,2016-01-12,1610612742,Mavericks,-3.8
0021500575,2016-01-12,1610612739,Cavaliers,3.8
0021500576,2016-01-12,1610612740,Pelicans,-2.2
0021500576,2016-01-12,1610612747,Lakers,2.2
0021500577,2016-01-13,1610612766,Hornets,22.7
0021500577,2016-01-13,1610612737,Hawks,-22.7
0021500578,2016-01-13,1610612749,Bucks,-6.2
0021500578,2016-01-13,1610612764,Wizards,6.2
0021500579,2016-01-13,1610612751,Nets,8.1
0021500579,2016-01-13,1610612752,Knicks,-8.1
0021500580,2016-01-13,1610612754,Pacers,-11.2
0021500580,2016-01-13,1610612738,Celtics,11.2
0021500581,2016-01-13,1610612745,Rockets,1.4
0021500581,2016-01-13,1610612750,Timberwolves,-1.4
0021500582,2016-01-13,1610612760,Thunder,20.1
0021500582,2016-01-13,1610612742,Mavericks,-20.1
0021500583,2016-01-13,1610612743,Nuggets,1.4
0021500583,2016-01-13,1610612744,Warriors,-1.4
0021500584,2016-01-13,1610612762,Jazz,-14.5
0021500584,2016-01-13,1610612757,Trail Blazers,14.5
0021500585,2016-01-13,1610612740,Pelicans,11.5
0021500585,2016-01-13,1610612758,Kings,-11.5
0021500586,2016-01-13,1610612748,Heat,-16.6
0021500586,2016-01-13,1610612746,Clippers,16.6
0021500587,2016-01-14,1610612741,Bulls,0.9
0021500587,2016-01-14,1610612755,76ers,-0.9
0021500588,2016-01-14,1610612761,Raptors,8.1
0021500588,2016-01-14,1610612753,Magic,-8.1
0021500589,2016-01-14,1610612763,Grizzlies,-5.3
0021500589,2016-01-14,1610612765,Pistons,5.3
0021500590,2016-01-14,1610612759,Spurs,6.6
0021500590,2016-01-14,1610612739,Cavaliers,-6.6
0021500591,2016-01-14,1610612758,Kings,9.0
0021500591,2016-01-14,1610612762,Jazz,-9.0
0021500592,2016-01-14,1610612747,Lakers,-20.0
0021500592,2016-01-14,1610612744,Warriors,20.0
0021500593,2016-01-15,1610612764,Wizards,14.6
0021500593,2016-01-15,1610612754,Pacers,-14.6
0021500594,2016-01-15,1610612760,Thunder,21.0
0021500594,2016-01-15,1610612750,Timberwolves,-21.0
0021500595,2016-01-15,1610612756,Suns,-15.7
0021500595,2016-01-15,1610612738,Celtics,15.7
0021500596,2016-01-15,1610612751,Nets,-10.9
0021500596,2016-01-15,1610612757,Trail Blazers,10.9
0021500597,2016-01-15,1610612742,Mavericks,8.9
0021500597,2016-01-15,1610612741,Bulls,-8.9
0021500598,2016-01-15,1610612740,Pelicans,9.8
0021500598,2016-01-15,1610612766,Hornets,-9.8
0021500599,2016-01-15,1610612749,Bucks,10.0
0021500599,2016-01-15,1610612737,Hawks,-10.0
0021500600,2016-01-15,1610612748,Heat,6.4
0021500600,2016-01-15,1610612743,Nuggets,-6.4
0021500601,2016-01-15,1610612739,Cavaliers,15.3
0021500601,2016-01-15,1610612745,Rockets,-15.3
0021500602,2016-01-16,1610612737,Hawks,31.3
0021500602,2016-01-16,1610612751,Nets,-31.3
0021500603,2016-01-16,1610612766,Hornets,-13.2
0021500603,2016-01-16,1610612749,Bucks,13.2
0021500604,2016-01-16,1610612764,Wizards,-4.1
0021500604,2016-01-16,1610612738,Celtics,4.1
0021500605,2016-01-16,1610612765,Pistons,16.7
0021500605,2016-01-16,1610612744,Warriors,-16.7
0021500606,2016-01-16,1610612757,Trail Blazers,-28.1
0021500606,2016-01-16,1610612755,76ers,28.1
0021500607,2016-01-16,1610612763,Grizzlies,12.5
0021500607,2016-01-16,1610612752,Knicks,-12.5
0021500608,2016-01-16,1610612762,Jazz,33.1
0021500608,2016-01-16,1610612747,Lakers,-33.1
0021500609,2016-01-16,1610612746,Clippers,-10.0
0021500609,2016-01-16,1610612758,Kings,10.0
0021500610,2016-01-17,1610612756,Suns,-33.6
0021500610,2016-01-17,1610612750,Timberwolves,33.6
0021500611,2016-01-17,1610612748,Heat,-23.5
0021500611,2016-01-17,1610612760,Thunder,23.5
0021500612,2016-01-17,1610612742,Mavericks,-25.4
0021500612,2016-01-17,1610612759,Spurs,25.4
0021500613,2016-01-17,1610612743,Nuggets,-4.8
0021500613,2016-01-17,1610612754,Pacers,4.8
0021500614,2016-01-17,1610612745,Rockets,13.4
0021500614,2016-01-17,1610612747,Lakers,-13.4
0021500615,2016-01-18,1610612752,Knicks,9.2
0021500615,2016-01-18,1610612755,76ers,-9.2
0021500616,2016-01-18,1610612762,Jazz,-1.2
0021500616,2016-01-18,1610612766,Hornets,1.2
0021500617,2016-01-18,1610612764,Wizards,-5.9
0021500617,2016-01-18,1610612757,Trail Blazers,5.9
0021500618,2016-01-18,1610612763,Grizzlies,8.2
0021500618,2016-01-18,1610612740,Pelicans,-8.2
0021500619,2016-01-18,1610612741,Bulls,8.1
0021500619,2016-01-18,1610612765,Pistons,-8.1
0021500620,2016-01-18,1610612737,Hawks,17.8
0021500620,2016-01-18,1610612753,Magic,-17.8
0021500621,2016-01-18,1610612761,Raptors,9.9
0021500621,2016-01-18,1610612751,Nets,-9.9
0021500622,2016-01-18,1610612744,Warriors,31.4
0021500622,2016-01-18,1610612739,Cavaliers,-31.4
0021500623,2016-01-18,1610612738,Celtics,-2.5
0021500623,2016-01-18,1610612742,Mavericks,2.5
0021500624,2016-01-18,1610612745,Rockets,-6.6
0021500624,2016-01-18,1610612746,Clippers,6.6
0021500625,2016-01-19,1610612749,Bucks,10.5
0021500625,2016-01-19,1610612748,Heat,-10.5
0021500626,2016-01-19,1610612750,Timberwolves,-12.9
0021500626,2016-01-19,1610612740,Pelicans,12.9
0021500627,2016-01-19,1610612743,Nuggets,-3.4
0021500627,2016-01-19,1610612760,Thunder,3.4
0021500628,2016-01-19,1610612756,Suns,-3.7
0021500628,2016-01-19,1610612754,Pacers,3.7
0021500629,2016-01-20,1610612755,76ers,11.7
0021500629,2016-01-20,1610612753,Magic,-11.7
0021500630,2016-01-20,1610612764,Wizards,20.1
0021500630,2016-01-20,1610612748,Heat,-20.1
0021500631,2016-01-20,1610612751,Nets,-13.8
0021500631,2016-01-20,1610612739,Cavaliers,13.8
0021500632,2016-01-20,1610612752,Knicks,9.2
0021500632,2016-01-20,1610612762,Jazz,-9.2
0021500633,2016-01-20,1610612738,Celtics,-10.0
0021500633,2016-01-20,1610612761,Raptors,10.0
0021500634,2016-01-20,1610612744,Warriors,32.9
0021500634,2016-01-20,1610612741,Bulls,-32.9
0021500635,2016-01-20,1610612745,Rockets,-12.0
0021500635,2016-01-20,1610612765,Pistons,12.0
0021500636,2016-01-20,1610612760,Thunder,11.9
0021500636,2016-01-20,1610612766,Hornets,-11.9
0021500637,2016-01-20,1610612750,Timberwolves,-5.2
0021500637,2016-01-20,1610612742,Mavericks,5.2
0021500638,2016-01-20,1610612747,Lakers,-20.1
0021500638,2016-01-20,1610612758,Kings,20.1
0021500639,2016-01-20,1610612757,Trail Blazers,-4.7
0021500639,2016-01-20,1610612737,Hawks,4.7
0021500640,2016-01-21,1610612746,Clippers,-16.3
0021500640,2016-01-21,1610612739,Cavaliers,16.3
0021500641,2016-01-21,1610612740,Pelicans,21.5
0021500641,2016-01-21,1610612765,Pistons,-21.5
0021500642,2016-01-21,1610612743,Nuggets,1.7
0021500642,2016-01-21,1610612763,Grizzlies,-1.7
0021500643,2016-01-21,1610612737,Hawks,-1.3
0021500643,2016-01-21,1610612758,Kings,1.3
0021500644,2016-01-21,1610612759,Spurs,29.8
0021500644,2016-01-21,1610612756,Suns,-29.8
0021500645,2016-01-22,1610612753,Magic,-9.4
0021500645,2016-01-22,1610612766,Hornets,9.4
0021500646,2016-01-22,1610612741,Bulls,-12.9
0021500646,2016-01-22,1610612738,Celtics,12.9
0021500647,2016-01-22,1610612762,Jazz,22.5
0021500647,2016-01-22,1610612751,Nets,-22.5
0021500648,2016-01-22,1610612752,Knicks,-33.6
0021500648,2016-01-22,1610612746,Clippers,33.6
0021500649,2016-01-22,1610612761,Raptors,16.9
0021500649,2016-01-22,1610612748,Heat,-16.9
0021500650,2016-01-22,1610612745,Rockets,1.6
0021500650,2016-01-22,1610612749,Bucks,-1.6
0021500651,2016-01-22,1610612760,Thunder,4.7
0021500651,2016-01-22,1610612742,Mavericks,-4.7
0021500652,2016-01-22,1610612754,Pacers,-12.4
0021500652,2016-01-22,1610612744,Warriors,12.4
0021500653,2016-01-22,1610612759,Spurs,16.8
0021500653,2016-01-22,1610612747,Lakers,-16.8
0021500654,2016-02-18,1610612762,Jazz,-11.4
0021500654,2016-02-18,1610612764,Wizards,11.4
0021500655,2016-01-23,1610612766,Hornets,12.1
0021500655,2016-01-23,1610612752,Knicks,-12.1
0021500656,2016-01-24,1610612738,Celtics,19.8
0021500656,2016-01-24,1610612755,76ers,-19.8
0021500657,2016-01-23,1610612749,Bucks,-13.6
0021500657,2016-01-23,1610612740,Pelicans,13.6
0021500658,2016-01-23,1610612763,Grizzlies,-6.4
0021500658,2016-01-23,1610612750,Timberwolves,6.4
0021500659,2016-01-23,1610612741,Bulls,17.8
0021500659,2016-01-23,1610612739,Cavaliers,-17.8
0021500660,2016-01-23,1610612756,Suns,1.5
0021500660,2016-01-23,1610612737,Hawks,-1.5
0021500661,2016-01-23,1610612743,Nuggets,4.9
0021500661,2016-01-23,1610612765,Pistons,-4.9
0021500662,2016-01-23,1610612757,Trail Blazers,18.9
0021500662,2016-01-23,1610612747,Lakers,-18.9
0021500663,2016-01-23,1610612758,Kings,8.0
0021500663,2016-01-23,1610612754,Pacers,-8.0
0021500664,2016-01-24,1610612760,Thunder,-13.8
0021500664,2016-01-24,1610612751,Nets,13.8
0021500665,2016-01-24,1610612745,Rockets,9.5
0021500665,2016-01-24,1610612742,Mavericks,-9.5
0021500666,2016-01-24,1610612746,Clippers,-11.7
0021500666,2016-01-24,1610612761,Raptors,11.7
0021500667,2016-01-25,1610612739,Cavaliers,2.9
0021500667,2016-01-25,1610612750,Timberwolves,-2.9
0021500668,2016-01-25,1610612738,Celtics,23.2
0021500668,2016-01-25,1610612764,Wizards,-23.2
0021500669,2016-01-25,1610612741,Bulls,-5.1
0021500669,2016-01-25,1610612748,Heat,5.1
0021500670,2016-01-25,1610612753,Magic,-6.0
0021500670,2016-01-25,1610612763,Grizzlies,6.0
0021500671,2016-01-25,1610612740,Pelicans,0.4
0021500671,2016-01-25,1610612745,Rockets,-0.4
0021500672,2016-01-25,1610612743,Nuggets,-15.6
0021500672,2016-01-25,1610612737,Hawks,15.6
0021500673,2016-01-25,1610612762,Jazz,-4.7
0021500673,2016-01-25,1610612765,Pistons,4.7
0021500674,2016-01-25,1610612766,Hornets,4.3
0021500674,2016-01-25,1610612758,Kings,-4.3
0021500675,2016-01-25,1610612744,Warriors,26.1
0021500675,2016-01-25,1610612759,Spurs,-26.1
0021500676,2016-01-26,1610612754,Pacers,-5.9
0021500676,2016-01-26,1610612746,Clippers,5.9
0021500677,2016-01-26,1610612756,Suns,-11.4
0021500677,2016-01-26,1610612755,76ers,11.4
0021500678,2016-01-26,1610612751,Nets,-5.0
0021500678,2016-01-26,1610612748,Heat,5.0
0021500679,2016-01-26,1610612760,Thunder,3.9
0021500679,2016-01-26,1610612752,Knicks,-3.9
0021500680,2016-01-26,1610612764,Wizards,-11.6
0021500680,2016-01-26,1610612761,Raptors,11.6
0021500681,2016-01-26,1610612753,Magic,-7.8
0021500681,2016-01-26,1610612749,Bucks,7.8
0021500682,2016-01-26,1610612758,Kings,-17.3
0021500682,2016-01-26,1610612757,Trail Blazers,17.3
0021500683,2016-01-26,1610612747,Lakers,-6.5
0021500683,2016-01-26,1610612742,Mavericks,6.5
0021500684,2016-01-27,1610612756,Suns,-22.5
0021500684,2016-01-27,1610612739,Cavaliers,22.5
0021500685,2016-01-27,1610612743,Nuggets,-7.2
0021500685,2016-01-27,1610612738,Celtics,7.2
0021500686,2016-01-27,1610612765,Pistons,9.7
0021500686,2016-01-27,1610612755,76ers,-9.7
0021500687,2016-01-27,1610612737,Hawks,-4.5
0021500687,2016-01-27,1610612746,Clippers,4.5
0021500688,2016-01-27,1610612760,Thunder,4.4
0021500688,2016-01-27,1610612750,Timberwolves,-4.4
0021500689,2016-01-27,1610612745,Rockets,-28.3
0021500689,2016-01-27,1610612759,Spurs,28.3
0021500690,2016-01-27,1610612762,Jazz,33.4
0021500690,2016-01-27,1610612766,Hornets,-33.4
0021500691,2016-01-27,1610612744,Warriors,24.2
0021500691,2016-01-27,1610612742,Mavericks,-24.2
0021500692,2016-01-28,1610612737,Hawks,-21.0
0021500692,2016-01-28,1610612754,Pacers,21.0
0021500693,2016-01-28,1610612764,Wizards,-4.6
0021500693,2016-01-28,1610612743,Nuggets,4.6
0021500694,2016-01-28,1610612752,Knicks,-11.9
0021500694,2016-01-28,1610612761,Raptors,11.9
0021500695,2016-01-28,1610612763,Grizzlies,21.1
0021500695,2016-01-28,1610612749,Bucks,-21.1
0021500696,2016-01-28,1610612740,Pelicans,5.7
0021500696,2016-01-28,1610612758,Kings,-5.7
0021500697,2016-01-28,1610612741,Bulls,21.0
0021500697,2016-01-28,1610612747,Lakers,-21.0
0021500698,2016-01-29,1610612738,Celtics,18.7
0021500698,2016-01-29,1610612753,Magic,-18.7
0021500699,2016-01-29,1610612739,Cavaliers,10.5
0021500699,2016-01-29,1610612765,Pistons,-10.5
0021500700,2016-01-29,1610612752,Knicks,18.9
0021500700,2016-01-29,1610612756,Suns,-18.9
0021500701,2016-01-29,1610612760,Thunder,14.2
0021500701,2016-01-29,1610612745,Rockets,-14.2
0021500702,2016-01-29,1610612742,Mavericks,10.8
0021500702,2016-01-29,1610612751,Nets,-10.8
0021500703,2016-01-29,1610612748,Heat,6.4
0021500703,2016-01-29,1610612749,Bucks,-6.4
0021500704,2016-01-29,1610612750,Timberwolves,-16.6
0021500704,2016-01-29,1610612762,Jazz,16.6
0021500705,2016-01-29,1610612757,Trail Blazers,15.8
0021500705,2016-01-29,1610612766,Hornets,-15.8
0021500706,2016-01-29,1610612747,Lakers,-13.0
0021500706,2016-01-29,1610612746,Clippers,13.0
0021500707,2016-01-30,1610612744,Warriors,1.3
0021500707,2016-01-30,1610612755,76ers,-1.3
0021500708,2016-01-30,1610612761,Raptors,6.2
0021500708,2016-01-30,1610612765,Pistons,-6.2
0021500709,2016-01-30,1610612754,Pacers,4.6
0021500709,2016-01-30,1610612743,Nuggets,-4.6
0021500710,2016-01-30,1610612740,Pelicans,3.0
0021500710,2016-01-30,1610612751,Nets,-3.0
0021500711,2016-01-30,1610612745,Rockets,4.4
0021500711,2016-01-30,1610612764,Wizards,-4.4
0021500712,2016-01-30,1610612763,Grizzlies,7.2
0021500712,2016-01-30,1610612758,Kings,-7.2
0021500713,2016-01-30,1610612759,Spurs,-11.5
0021500713,2016-01-30,1610612739,Cavaliers,11.5
0021500714,2016-01-31,1610612741,Bulls,-27.5
0021500714,2016-01-31,1610612746,Clippers,27.5
0021500715,2016-01-31,1610612748,Heat,16.7
0021500715,2016-01-31,1610612737,Hawks,-16.7
0021500716,2016-01-31,1610612753,Magic,6.8
0021500716,2016-01-31,1610612738,Celtics,-6.8
0021500717,2016-01-31,1610612756,Suns,-17.6
0021500717,2016-01-31,1610612742,Mavericks,17.6
0021500718,2016-01-31,1610612752,Knicks,-23.6
0021500718,2016-01-31,1610612744,Warriors,23.6
0021500719,2016-01-31,1610612750,Timberwolves,-3.3
0021500719,2016-01-31,1610612757,Trail Blazers,3.3
0021500720,2016-01-31,1610612747,Lakers,-15.6
0021500720,2016-01-31,1610612766,Hornets,15.6
0021500721,2016-02-01,1610612754,Pacers,-6.8
0021500721,2016-02-01,1610612739,Cavaliers,6.8
0021500722,2016-02-01,1610612765,Pistons,2.5
0021500722,2016-02-01,1610612751,Nets,-2.5
0021500723,2016-02-01,1610612737,Hawks,14.6
0021500723,2016-02-01,1610612742,Mavericks,-14.6
0021500724,2016-02-01,1610612763,Grizzlies,20.4
0021500724,2016-02-01,1610612740,Pelicans,-20.4
0021500725,2016-02-01,1610612760,Thunder,18.4
0021500725,2016-02-01,1610612764,Wizards,-18.4
0021500726,2016-02-01,1610612759,Spurs,17.1
0021500726,2016-02-01,1610612753,Magic,-17.1
0021500727,2016-02-01,1610612761,Raptors,-15.5
0021500727,2016-02-01,1610612743,Nuggets,15.5
0021500728,2016-02-01,1610612762,Jazz,9.7
0021500728,2016-02-01,1610612741,Bulls,-9.7
0021500729,2016-02-01,1610612749,Bucks,-6.4
0021500729,2016-02-01,1610612758,Kings,6.4
0021500730,2016-02-02,1610612752,Knicks,-8.2
0021500730,2016-02-02,1610612738,Celtics,8.2
0021500731,2016-02-02,1610612748,Heat,-15.0
0021500731,2016-02-02,1610612745,Rockets,15.0
0021500732,2016-02-02,1610612756,Suns,-9.2
0021500732,2016-02-02,1610612761,Raptors,9.2
0021500733,2016-02-02,1610612749,Bucks,-9.6
0021500733,2016-02-02,1610612757,Trail Blazers,9.6
0021500734,2016-02-02,1610612750,Timberwolves,-3.6
0021500734,2016-02-02,1610612747,Lakers,3.6
0021500735,2016-02-03,1610612766,Hornets,12.1
0021500735,2016-02-03,1610612739,Cavaliers,-12.1
0021500736,2016-02-03,1610612755,76ers,-32.2
0021500736,2016-02-03,1610612737,Hawks,32.2
0021500737,2016-02-03,1610612738,Celtics,5.4
0021500737,2016-02-03,1610612765,Pistons,-5.4
0021500738,2016-02-03,1610612754,Pacers,16.0
0021500738,2016-02-03,1610612751,Nets,-16.0
0021500739,2016-02-03,1610612744,Warriors,12.9
0021500739,2016-02-03,1610612764,Wizards,-12.9
0021500740,2016-02-03,1610612760,Thunder,2.2
0021500740,2016-02-03,1610612753,Magic,-2.2
0021500741,2016-02-03,1610612742,Mavericks,0.7
0021500741,2016-02-03,1610612748,Heat,-0.7
0021500742,2016-02-03,1610612759,Spurs,18.1
0021500742,2016-02-03,1610612740,Pelicans,-18.1
0021500743,2016-02-03,1610612762,Jazz,4.2
0021500743,2016-02-03,1610612743,Nuggets,-4.2
0021500744,2016-02-03,1610612758,Kings,-4.9
0021500744,2016-02-03,1610612741,Bulls,4.9
0021500745,2016-02-03,1610612746,Clippers,-3.4
0021500745,2016-02-03,1610612750,Timberwolves,3.4
0021500746,2016-02-04,1610612752,Knicks,-4.3
0021500746,2016-02-04,1610612765,Pistons,4.3
0021500747,2016-02-04,1610612740,Pelicans,-2.7
0021500747,2016-02-04,1610612747,Lakers,2.7
0021500748,2016-02-04,1610612761,Raptors,2.8
0021500748,2016-02-04,1610612757,Trail Blazers,-2.8
0021500749,2016-02-04,1610612756,Suns,-11.3
0021500749,2016-02-04,1610612745,Rockets,11.3
0021500750,2016-02-05,1610612754,Pacers,-5.3
0021500750,2016-02-05,1610612737,Hawks,5.3
0021500751,2016-02-05,1610612766,Hornets,2.2
0021500751,2016-02-05,1610612748,Heat,-2.2
0021500752,2016-02-05,1610612753,Magic,-14.2
0021500752,2016-02-05,1610612746,Clippers,14.2
0021500753,2016-02-05,1610612764,Wizards,15.3
0021500753,2016-02-05,1610612755,76ers,-15.3
0021500754,2016-02-05,1610612751,Nets,9.9
0021500754,2016-02-05,1610612758,Kings,-9.9
0021500755,2016-02-05,1610612738,Celtics,0.4
0021500755,2016-02-05,1610612739,Cavaliers,-0.4
0021500756,2016-02-05,1610612752,Knicks,-3.3
0021500756,2016-02-05,1610612763,Grizzlies,3.3
0021500757,2016-02-05,1610612743,Nuggets,6.4
0021500757,2016-02-05,1610612741,Bulls,-6.4
0021500758,2016-02-05,1610612762,Jazz,4.3
0021500758,2016-02-05,1610612749,Bucks,-4.3
0021500759,2016-02-05,1610612742,Mavericks,-24.7
0021500759,2016-02-05,1610612759,Spurs,24.7
0021500760,2016-02-06,1610612757,Trail Blazers,18.8
0021500760,2016-02-06,1610612745,Rockets,-18.8
0021500761,2016-02-06,1610612766,Hornets,2.5
0021500761,2016-02-06,1610612764,Wizards,-2.5
0021500762,2016-02-06,1610612765,Pistons,-7.0
0021500762,2016-02-06,1610612754,Pacers,7.0
0021500763,2016-02-06,1610612739,Cavaliers,7.6
0021500763,2016-02-06,1610612740,Pelicans,-7.6
0021500764,2016-02-06,1610612755,76ers,9.4
0021500764,2016-02-06,1610612751,Nets,-9.4
0021500765,2016-02-06,1610612742,Mavericks,6.8
0021500765,2016-02-06,1610612763,Grizzlies,-6.8
0021500766,2016-02-06,1610612750,Timberwolves,13.2
0021500766,2016-02-06,1610612741,Bulls,-13.2
0021500767,2016-02-06,1610612747,Lakers,-4.1
0021500767,2016-02-06,1610612759,Spurs,4.1
0021500768,2016-02-06,1610612756,Suns,-6.3
0021500768,2016-02-06,1610612762,Jazz,6.3
0021500769,2016-02-06,1610612744,Warriors,11.2
0021500769,2016-02-06,1610612760,Thunder,-11.2
0021500770,2016-02-07,1610612743,Nuggets,3.6
0021500770,2016-02-07,1610612752,Knicks,-3.6
0021500771,2016-02-07,1610612753,Magic,-2.6
0021500771,2016-02-07,1610612737,Hawks,2.6
0021500772,2016-02-07,1610612748,Heat,-8.7
0021500772,2016-02-07,1610612746,Clippers,8.7
0021500773,2016-02-07,1610612758,Kings,-9.0
0021500773,2016-02-07,1610612738,Celtics,9.0
0021500774,2016-02-08,1610612741,Bulls,-16.1
0021500774,2016-02-08,1610612766,Hornets,16.1
0021500775,2016-02-08,1610612758,Kings,-18.6
0021500775,2016-02-08,1610612739,Cavaliers,18.6
0021500776,2016-02-08,1610612747,Lakers,-3.6
0021500776,2016-02-08,1610612754,Pacers,3.6
0021500777,2016-02-08,1610612746,Clippers,7.7
0021500777,2016-02-08,1610612755,76ers,-7.7
0021500778,2016-02-08,1610612751,Nets,2.3
0021500778,2016-02-08,1610612743,Nuggets,-2.3
0021500779,2016-02-08,1610612765,Pistons,-17.6
0021500779,2016-02-08,1610612761,Raptors,17.6
0021500780,2016-02-08,1610612753,Magic,3.7
0021500780,2016-02-08,1610612737,Hawks,-3.7
0021500781,2016-02-08,1610612757,Trail Blazers,8.3
0021500781,2016-02-08,1610612763,Grizzlies,-8.3
0021500782,2016-02-08,1610612750,Timberwolves,-10.4
0021500782,2016-02-08,1610612740,Pelicans,10.4
0021500783,2016-02-08,1610612760,Thunder,17.3
0021500783,2016-02-08,1610612756,Suns,-17.3
0021500784,2016-02-09,1610612759,Spurs,16.1
0021500784,2016-02-09,1610612748,Heat,-16.1
0021500785,2016-02-09,1610612764,Wizards,4.4
0021500785,2016-02-09,1610612752,Knicks,-4.4
0021500786,2016-02-09,1610612749,Bucks,-0.7
0021500786,2016-02-09,1610612738,Celtics,0.7
0021500787,2016-02-09,1610612742,Mavericks,2.6
0021500787,2016-02-09,1610612762,Jazz,-2.6
0021500788,2016-02-09,1610612745,Rockets,-10.4
0021500788,2016-02-09,1610612744,Warriors,10.4
0021500789,2016-02-10,1610612754,Pacers,-19.2
0021500789,2016-02-10,1610612766,Hornets,19.2
0021500790,2016-02-10,1610612759,Spurs,4.4
0021500790,2016-02-10,1610612753,Magic,-4.4
0021500791,2016-02-10,1610612758,Kings,4.9
0021500791,2016-02-10,1610612755,76ers,-4.9
0021500792,2016-02-10,1610612746,Clippers,-3.1
0021500792,2016-02-10,1610612738,Celtics,3.1
0021500793,2016-02-10,1610612751,Nets,-20.5
0021500793,2016-02-10,1610612763,Grizzlies,20.5
0021500794,2016-02-10,1610612743,Nuggets,11.8
0021500794,2016-02-10,1610612765,Pistons,-11.8
0021500795,2016-02-10,1610612747,Lakers,-11.7
0021500795,2016-02-10,1610612739,Cavaliers,11.7
0021500796,2016-02-10,1610612741,Bulls,-24.0
0021500796,2016-02-10,1610612737,Hawks,24.0
0021500797,2016-02-10,1610612761,Raptors,-6.3
0021500797,2016-02-10,1610612750,Timberwolves,6.3
0021500798,2016-02-10,1610612740,Pelicans,5.5
0021500798,2016-02-10,1610612762,Jazz,-5.5
0021500799,2016-02-10,1610612744,Warriors,10.9
0021500799,2016-02-10,1610612756,Suns,-10.9
0021500800,2016-02-10,1610612745,Rockets,-15.8
0021500800,2016-02-10,1610612757,Trail Blazers,15.8
0021500801,2016-02-11,1610612764,Wizards,-10.1
0021500801,2016-02-11,1610612749,Bucks,10.1
0021500802,2016-02-11,1610612740,Pelicans,-20.6
0021500802,2016-02-11,1610612760,Thunder,20.6
0021500803,2016-02-18,1610612741,Bulls,-13.3
0021500803,2016-02-18,1610612739,Cavaliers,13.3
0021500804,2016-02-18,1610612746,Clippers,20.8
0021500804,2016-02-18,1610612759,Spurs,-20.8
0021500805,2016-02-19,1610612742,Mavericks,-6.9
0021500805,2016-02-19,1610612753,Magic,6.9
0021500806,2016-02-19,1610612765,Pistons,-19.2
0021500806,2016-02-19,1610612764,Wizards,19.2
0021500807,2016-02-19,1610612751,Nets,14.9
0021500807,2016-02-19,1610612752,Knicks,-14.9
0021500808,2016-02-19,1610612737,Hawks,-3.2
0021500808,2016-02-19,1610612748,Heat,3.2
0021500809,2016-02-19,1610612761,Raptors,-10.2
0021500809,2016-02-19,1610612741,Bulls,10.2
0021500810,2016-02-19,1610612763,Grizzlies,7.6
0021500810,2016-02-19,1610612750,Timberwolves,-7.6
0021500811,2016-02-19,1610612740,Pelicans,7.6
0021500811,2016-02-19,1610612755,76ers,-7.6
0021500812,2016-02-19,1610612760,Thunder,-6.4
0021500812,2016-02-19,1610612754,Pacers,6.4
0021500813,2016-02-19,1610612749,Bucks,0.5
0021500813,2016-02-19,1610612766,Hornets,-0.5
0021500814,2016-02-19,1610612756,Suns,-14.4
0021500814,2016-02-19,1610612745,Rockets,14.4
0021500815,2016-02-19,1610612757,Trail Blazers,27.0
0021500815,2016-02-19,1610612744,Warriors,-27.0
0021500816,2016-02-19,1610612758,Kings,4.3
0021500816,2016-02-19,1610612743,Nuggets,-4.3
0021500817,2016-02-19,1610612738,Celtics,-19.4
0021500817,2016-02-19,1610612762,Jazz,19.4
0021500818,2016-02-19,1610612759,Spurs,9.5
0021500818,2016-02-19,1610612747,Lakers,-9.5
0021500819,2016-02-20,1610612749,Bucks,6.5
0021500819,2016-02-20,1610612737,Hawks,-6.5
0021500820,2016-02-20,1610612748,Heat,25.2
0021500820,2016-02-20,1610612764,Wizards,-25.2
0021500821,2016-02-20,1610612750,Timberwolves,-7.2
0021500821,2016-02-20,1610612752,Knicks,7.2
0021500822,2016-02-20,1610612746,Clippers,-2.4
0021500822,2016-02-20,1610612744,Warriors,2.4
0021500823,2016-02-21,1610612740,Pelicans,5.2
0021500823,2016-02-21,1610612765,Pistons,-5.2
0021500824,2016-02-21,1610612739,Cavaliers,27.7
0021500824,2016-02-21,1610612760,Thunder,-27.7
0021500825,2016-02-21,1610612738,Celtics,16.9
0021500825,2016-02-21,1610612743,Nuggets,-16.9
0021500826,2016-02-21,1610612756,Suns,-9.8
0021500826,2016-02-21,1610612759,Spurs,9.8
0021500827,2016-02-21,1610612766,Hornets,10.5
0021500827,2016-02-21,1610612751,Nets,-10.5
0021500828,2016-02-21,1610612754,Pacers,3.3
0021500828,2016-02-21,1610612753,Magic,-3.3
0021500829,2016-02-21,1610612763,Grizzlies,-7.0
0021500829,2016-02-21,1610612761,Raptors,7.0
0021500830,2016-02-21,1610612755,76ers,-25.5
0021500830,2016-02-21,1610612742,Mavericks,25.5
0021500831,2016-02-21,1610612747,Lakers,-22.6
0021500831,2016-02-21,1610612741,Bulls,22.6
0021500832,2016-02-21,1610612757,Trail Blazers,1.0
0021500832,2016-02-21,1610612762,Jazz,-1.0
0021500833,2016-02-22,1610612739,Cavaliers,-7.7
0021500833,2016-02-22,1610612765,Pistons,7.7
0021500834,2016-02-22,1610612748,Heat,6.5
0021500834,2016-02-22,1610612754,Pacers,-6.5
0021500835,2016-02-22,1610612752,Knicks,-27.2
0021500835,2016-02-22,1610612761,Raptors,27.2
0021500836,2016-02-22,1610612737,Hawks,-11.4
0021500836,2016-02-22,1610612744,Warriors,11.4
0021500837,2016-02-22,1610612749,Bucks,9.0
0021500837,2016-02-22,1610612747,Lakers,-9.0
0021500838,2016-02-22,1610612750,Timberwolves,9.4
0021500838,2016-02-22,1610612738,Celtics,-9.4
0021500839,2016-02-22,1610612756,Suns,-39.8
0021500839,2016-02-22,1610612746,Clippers,39.8
0021500840,2016-02-23,1610612755,76ers,-12.3
0021500840,2016-02-23,1610612753,Magic,12.3
0021500841,2016-02-23,1610612764,Wizards,16.0
0021500841,2016-02-23,1610612740,Pelicans,-16.0
0021500842,2016-02-23,1610612743,Nuggets,-7.9
0021500842,2016-02-23,1610612758,Kings,7.9
0021500843,2016-02-23,1610612762,Jazz,7.2
0021500843,2016-02-23,1610612745,Rockets,-7.2
0021500844,2016-02-23,1610612757,Trail Blazers,8.5
0021500844,2016-02-23,1610612751,Nets,-8.5
0021500845,2016-02-24,1610612739,Cavaliers,9.7
0021500845,2016-02-24,1610612766,Hornets,-9.7
0021500846,2016-02-24,1610612754,Pacers,-0.4
0021500846,2016-02-24,1610612752,Knicks,0.4
0021500847,2016-02-24,1610612755,76ers,-15.3
0021500847,2016-02-24,1610612765,Pistons,15.3
0021500848,2016-02-24,1610612748,Heat,-1.1
0021500848,2016-02-24,1610612744,Warriors,1.1
0021500849,2016-02-24,1610612750,Timberwolves,-7.1
0021500849,2016-02-24,1610612761,Raptors,7.1
0021500850,2016-02-24,1610612764,Wizards,-4.2
0021500850,2016-02-24,1610612741,Bulls,4.2
0021500851,2016-02-24,1610612763,Grizzlies,5.0
0021500851,2016-02-24,1610612747,Lakers,-5.0
0021500852,2016-02-24,1610612742,Mavericks,-10.5
0021500852,2016-02-24,1610612760,Thunder,10.5
0021500853,2016-02-24,1610612746,Clippers,-4.0
0021500853,2016-02-24,1610612743,Nuggets,4.0
0021500854,2016-02-24,1610612758,Kings,-20.0
0021500854,2016-02-24,1610612759,Spurs,20.0
0021500855,2016-02-25,1610612744,Warriors,16.0
0021500855,2016-02-25,1610612753,Magic,-16.0
0021500856,2016-02-25,1610612749,Bucks,-5.2
0021500856,2016-02-25,1610612738,Celtics,5.2
0021500857,2016-02-25,1610612760,Thunder,-10.0
0021500857,2016-02-25,1610612740,Pelicans,10.0
0021500858,2016-02-25,1610612756,Suns,-15.2
0021500858,2016-02-25,1610612751,Nets,15.2
0021500859,2016-02-25,1610612757,Trail Blazers,-9.7
0021500859,2016-02-25,1610612745,Rockets,9.7
0021500860,2016-02-25,1610612762,Jazz,-22.6
0021500860,2016-02-25,1610612759,Spurs,22.6
0021500861,2016-02-26,1610612754,Pacers,-2.1
0021500861,2016-02-26,1610612766,Hornets,2.1
0021500862,2016-02-26,1610612764,Wizards,9.0
0021500862,2016-02-26,1610612755,76ers,-9.0
0021500863,2016-02-26,1610612753,Magic,-14.8
0021500863,2016-02-26,1610612752,Knicks,14.8
0021500864,2016-02-26,1610612739,Cavaliers,2.9
0021500864,2016-02-26,1610612761,Raptors,-2.9
0021500865,2016-02-26,1610612741,Bulls,-19.0
0021500865,2016-02-26,1610612737,Hawks,19.0
0021500866,2016-02-26,1610612742,Mavericks,5.5
0021500866,2016-02-26,1610612743,Nuggets,-5.5
0021500867,2016-02-26,1610612746,Clippers,11.2
0021500867,2016-02-26,1610612758,Kings,-11.2
0021500868,2016-02-26,1610612763,Grizzlies,16.4
0021500868,2016-02-26,1610612747,Lakers,-16.4
0021500869,2016-02-27,1610612748,Heat,-10.2
0021500869,2016-02-27,1610612738,Celtics,10.2
0021500870,2016-02-27,1610612740,Pelicans,-3.2
0021500870,2016-02-27,1610612750,Timberwolves,3.2
0021500871,2016-02-27,1610612757,Trail Blazers,5.4
0021500871,2016-02-27,1610612741,Bulls,-5.4
0021500872,2016-02-27,1610612745,Rockets,-13.8
0021500872,2016-02-27,1610612759,Spurs,13.8
0021500873,2016-02-27,1610612765,Pistons,11.6
0021500873,2016-02-27,1610612749,Bucks,-11.6
0021500874,2016-02-27,1610612760,Thunder,-4.0
0021500874,2016-02-27,1610612744,Warriors,4.0
0021500875,2016-02-27,1610612756,Suns,7.4
0021500875,2016-02-27,1610612763,Grizzlies,-7.4
0021500876,2016-02-27,1610612751,Nets,4.2
0021500876,2016-02-27,1610612762,Jazz,-4.2
0021500877,2016-02-28,1610612764,Wizards,14.1
0021500877,2016-02-28,1610612739,Cavaliers,-14.1
0021500878,2016-02-28,1610612737,Hawks,10.2
0021500878,2016-02-28,1610612766,Hornets,-10.2
0021500879,2016-02-28,1610612765,Pistons,10.8
0021500879,2016-02-28,1610612761,Raptors,-10.8
0021500880,2016-02-28,1610612754,Pacers,-8.0
0021500880,2016-02-28,1610612757,Trail Blazers,8.0
0021500881,2016-02-28,1610612755,76ers,-17.9
0021500881,2016-02-28,1610612753,Magic,17.9
0021500882,2016-02-28,1610612742,Mavericks,27.5
0021500882,2016-02-28,1610612750,Timberwolves,-27.5
0021500883,2016-02-28,1610612748,Heat,13.0
0021500883,2016-02-28,1610612752,Knicks,-13.0
0021500884,2016-02-29,1610612754,Pacers,5.1
0021500884,2016-02-29,1610612739,Cavaliers,-5.1
0021500885,2016-02-29,1610612755,76ers,-6.2
0021500885,2016-02-29,1610612764,Wizards,6.2
0021500886,2016-02-29,1610612762,Jazz,-13.7
0021500886,2016-02-29,1610612738,Celtics,13.7
0021500887,2016-02-29,1610612749,Bucks,6.6
0021500887,2016-02-29,1610612745,Rockets,-6.6
0021500888,2016-02-29,1610612763,Grizzlies,2.4
0021500888,2016-02-29,1610612743,Nuggets,-2.4
0021500889,2016-02-29,1610612760,Thunder,13.2
0021500889,2016-02-29,1610612758,Kings,-13.2
0021500890,2016-02-29,1610612746,Clippers,12.2
0021500890,2016-02-29,1610612751,Nets,-12.2
0021500891,2016-03-01,1610612766,Hornets,32.2
0021500891,2016-03-01,1610612756,Suns,-32.2
0021500892,2016-03-01,1610612741,Bulls,-23.0
0021500892,2016-03-01,1610612748,Heat,23.0
0021500893,2016-03-01,1610612752,Knicks,-17.7
0021500893,2016-03-01,1610612757,Trail Blazers,17.7
0021500894,2016-03-01,1610612753,Magic,-11.0
0021500894,2016-03-01,1610612742,Mavericks,11.0
0021500895,2016-03-01,1610612737,Hawks,1.1
0021500895,2016-03-01,1610612744,Warriors,-1.1
0021500896,2016-03-01,1610612751,Nets,-6.8
0021500896,2016-03-01,1610612747,Lakers,6.8
0021500897,2016-03-02,1610612753,Magic,10.6
0021500897,2016-03-02,1610612741,Bulls,-10.6
0021500898,2016-03-02,1610612755,76ers,-22.8
0021500898,2016-03-02,1610612766,Hornets,22.8
0021500899,2016-03-02,1610612757,Trail Blazers,-13.9
0021500899,2016-03-02,1610612738,Celtics,13.9
0021500900,2016-03-02,1610612761,Raptors,11.0
0021500900,2016-03-02,1610612762,Jazz,-11.0
0021500901,2016-03-02,1610612745,Rockets,6.0
0021500901,2016-03-02,1610612740,Pelicans,-6.0
0021500902,2016-03-02,1610612763,Grizzlies,6.3
0021500902,2016-03-02,1610612758,Kings,-6.3
0021500903,2016-03-02,1610612754,Pacers,7.0
0021500903,2016-03-02,1610612749,Bucks,-7.0
0021500904,2016-03-02,1610612764,Wizards,4.2
0021500904,2016-03-02,1610612750,Timberwolves,-4.2
0021500905,2016-03-02,1610612759,Spurs,23.2
0021500905,2016-03-02,1610612765,Pistons,-23.2
0021500906,2016-03-02,1610612743,Nuggets,7.2
0021500906,2016-03-02,1610612747,Lakers,-7.2
0021500907,2016-03-02,1610612746,Clippers,5.5
0021500907,2016-03-02,1610612760,Thunder,-5.5
0021500908,2016-03-03,1610612748,Heat,15.9
0021500908,2016-03-03,1610612756,Suns,-15.9
0021500909,2016-03-03,1610612740,Pelicans,-9.2
0021500909,2016-03-03,1610612759,Spurs,9.2
0021500910,2016-03-03,1610612758,Kings,7.6
0021500910,2016-03-03,1610612742,Mavericks,-7.6
0021500911,2016-03-03,1610612760,Thunder,-14.4
0021500911,2016-03-03,1610612744,Warriors,14.4
0021500912,2016-03-04,1610612754,Pacers,-12.1
0021500912,2016-03-04,1610612766,Hornets,12.1
0021500913,2016-03-04,1610612756,Suns,17.0
0021500913,2016-03-04,1610612753,Magic,-17.0
0021500914,2016-03-04,1610612755,76ers,-4.7
0021500914,2016-03-04,1610612748,Heat,4.7
0021500915,2016-03-04,1610612752,Knicks,-2.3
0021500915,2016-03-04,1610612738,Celtics,2.3
0021500916,2016-03-04,1610612757,Trail Blazers,-8.9
0021500916,2016-03-04,1610612761,Raptors,8.9
0021500917,2016-03-04,1610612764,Wizards,-25.1
0021500917,2016-03-04,1610612739,Cavaliers,25.1
0021500918,2016-03-04,1610612763,Grizzlies,8.0
0021500918,2016-03-04,1610612762,Jazz,-8.0
0021500919,2016-03-04,1610612750,Timberwolves,-15.9
0021500919,2016-03-04,1610612749,Bucks,15.9
0021500920,2016-03-04,1610612743,Nuggets,0.4
0021500920,2016-03-04,1610612751,Nets,-0.4
0021500921,2016-03-04,1610612737,Hawks,34.9
0021500921,2016-03-04,1610612747,Lakers,-34.9
0021500922,2016-03-05,1610612738,Celtics,-16.3
0021500922,2016-03-05,1610612739,Cavaliers,16.3
0021500923,2016-03-05,1610612765,Pistons,-18.3
0021500923,2016-03-05,1610612752,Knicks,18.3
0021500924,2016-03-05,1610612764,Wizards,-10.1
0021500924,2016-03-05,1610612754,Pacers,10.1
0021500925,2016-03-05,1610612740,Pelicans,-16.6
0021500925,2016-03-05,1610612762,Jazz,16.6
0021500926,2016-03-05,1610612751,Nets,-25.7
0021500926,2016-03-05,1610612750,Timberwolves,25.7
0021500927,2016-03-05,1610612745,Rockets,-7.6
0021500927,2016-03-05,1610612741,Bulls,7.6
0021500928,2016-03-05,1610612759,Spurs,13.5
0021500928,2016-03-05,1610612758,Kings,-13.5
0021500929,2016-03-05,1610612746,Clippers,-8.2
0021500929,2016-03-05,1610612737,Hawks,8.2
0021500930,2016-03-06,1610612760,Thunder,4.3
0021500930,2016-03-06,1610612749,Bucks,-4.3
0021500931,2016-03-06,1610612747,Lakers,20.1
0021500931,2016-03-06,1610612744,Warriors,-20.1
0021500932,2016-03-06,1610612756,Suns,12.8
0021500932,2016-03-06,1610612763,Grizzlies,-12.8
0021500933,2016-03-06,1610612743,Nuggets,-4.2
0021500933,2016-03-06,1610612742,Mavericks,4.2
0021500934,2016-03-06,1610612757,Trail Blazers,-20.1
0021500934,2016-03-06,1610612765,Pistons,20.1
0021500935,2016-03-06,1610612748,Heat,4.7
0021500935,2016-03-06,1610612755,76ers,-4.7
0021500936,2016-03-06,1610612745,Rockets,6.8
0021500936,2016-03-06,1610612761,Raptors,-6.8
0021500937,2016-03-07,1610612750,Timberwolves,-2.0
0021500937,2016-03-07,1610612766,Hornets,2.0
0021500938,2016-03-07,1610612763,Grizzlies,3.9
0021500938,2016-03-07,1610612739,Cavaliers,-3.9
0021500939,2016-03-07,1610612759,Spurs,-12.3
0021500939,2016-03-07,1610612754,Pacers,12.3
0021500940,2016-03-07,1610612749,Bucks,-6.2
0021500940,2016-03-07,1610612741,Bulls,6.2
0021500941,2016-03-07,1610612740,Pelicans,3.1
0021500941,2016-03-07,1610612758,Kings,-3.1
0021500942,2016-03-07,1610612746,Clippers,17.5
0021500942,2016-03-07,1610612742,Mavericks,-17.5
0021500943,2016-03-07,1610612744,Warriors,6.5
0021500943,2016-03-07,1610612753,Magic,-6.5
0021500944,2016-03-08,1610612761,Raptors,7.5
0021500944,2016-03-08,1610612751,Nets,-7.5
0021500945,2016-03-08,1610612759,Spurs,28.8
0021500945,2016-03-08,1610612750,Timberwolves,-28.8
0021500946,2016-03-08,1610612743,Nuggets,10.0
0021500946,2016-03-08,1610612752,Knicks,-10.0
0021500947,2016-03-08,1610612737,Hawks,9.6
0021500947,2016-03-08,1610612762,Jazz,-9.6
0021500948,2016-03-08,1610612764,Wizards,-5.9
0021500948,2016-03-08,1610612757,Trail Blazers,5.9
0021500949,2016-03-08,1610612753,Magic,-8.0
0021500949,2016-03-08,1610612747,Lakers,8.0
0021500950,2016-03-09,1610612766,Hornets,11.9
0021500950,2016-03-09,1610612740,Pelicans,-11.9
0021500951,2016-03-09,1610612745,Rockets,17.1
0021500951,2016-03-09,1610612755,76ers,-17.1
0021500952,2016-03-09,1610612749,Bucks,3.9
0021500952,2016-03-09,1610612748,Heat,-3.9
0021500953,2016-03-09,1610612738,Celtics,16.6
0021500953,2016-03-09,1610612763,Grizzlies,-16.6
0021500954,2016-03-09,1610612742,Mavericks,-2.6
0021500954,2016-03-09,1610612765,Pistons,2.6
0021500955,2016-03-09,1610612746,Clippers,-5.4
0021500955,2016-03-09,1610612760,Thunder,5.4
0021500956,2016-03-09,1610612756,Suns,-32.1
0021500956,2016-03-09,1610612752,Knicks,32.1
0021500957,2016-03-09,1610612739,Cavaliers,7.3
0021500957,2016-03-09,1610612758,Kings,-7.3
0021500958,2016-03-09,1610612762,Jazz,-26.5
0021500958,2016-03-09,1610612744,Warriors,26.5
0021500959,2016-03-10,1610612737,Hawks,-9.2
0021500959,2016-03-10,1610612761,Raptors,9.2
0021500960,2016-03-10,1610612741,Bulls,-9.3
0021500960,2016-03-10,1610612759,Spurs,9.3
0021500961,2016-03-10,1610612756,Suns,-19.1
0021500961,2016-03-10,1610612743,Nuggets,19.1
0021500962,2016-03-10,1610612739,Cavaliers,17.1
0021500962,2016-03-10,1610612747,Lakers,-17.1
0021500963,2016-03-11,1610612765,Pistons,-14.4
0021500963,2016-03-11,1610612766,Hornets,14.4
0021500964,2016-03-11,1610612755,76ers,5.2
0021500964,2016-03-11,1610612751,Nets,-5.2
0021500965,2016-03-11,1610612738,Celtics,-6.1
0021500965,2016-03-11,1610612745,Rockets,6.1
0021500966,2016-03-11,1610612741,Bulls,-22.1
0021500966,2016-03-11,1610612748,Heat,22.1
0021500967,2016-03-11,1610612740,Pelicans,-9.9
0021500967,2016-03-11,1610612763,Grizzlies,9.9
0021500968,2016-03-11,1610612750,Timberwolves,4.6
0021500968,2016-03-11,1610612760,Thunder,-4.6
0021500969,2016-03-11,1610612762,Jazz,21.5
0021500969,2016-03-11,1610612764,Wizards,-21.5
0021500970,2016-03-11,1610612753,Magic,9.8
0021500970,2016-03-11,1610612758,Kings,-9.8
0021500971,2016-03-11,1610612744,Warriors,18.5
0021500971,2016-03-11,1610612757,Trail Blazers,-18.5
0021500972,2016-03-11,1610612752,Knicks,-7.2
0021500972,2016-03-11,1610612746,Clippers,7.2
0021500973,2016-03-12,1610612754,Pacers,8.3
0021500973,2016-03-12,1610612742,Mavericks,-8.3
0021500974,2016-03-12,1610612737,Hawks,15.1
0021500974,2016-03-12,1610612763,Grizzlies,-15.1
0021500975,2016-03-12,1610612745,Rockets,-20.2
0021500975,2016-03-12,1610612766,Hornets,20.2
0021500976,2016-03-12,1610612765,Pistons,14.0
0021500976,2016-03-12,1610612755,76ers,-14.0
0021500977,2016-03-12,1610612761,Raptors,7.2
0021500977,2016-03-12,1610612748,Heat,-7.2
0021500978,2016-03-12,1610612740,Pelicans,-13.3
0021500978,2016-03-12,1610612749,Bucks,13.3
0021500979,2016-03-12,1610612760,Thunder,-7.5
0021500979,2016-03-12,1610612759,Spurs,7.5
0021500980,2016-03-12,1610612743,Nuggets,16.0
0021500980,2016-03-12,1610612764,Wizards,-16.0
0021500981,2016-03-12,1610612756,Suns,-11.8
0021500981,2016-03-12,1610612744,Warriors,11.8
0021500982,2016-03-12,1610612757,Trail Blazers,46.0
0021500982,2016-03-12,1610612753,Magic,-46.0
0021500983,2016-03-13,1610612739,Cavaliers,24.1
0021500983,2016-03-13,1610612746,Clippers,-24.1
0021500984,2016-03-13,1610612754,Pacers,-31.8
0021500984,2016-03-13,1610612737,Hawks,31.8
0021500985,2016-03-13,1610612749,Bucks,6.6
0021500985,2016-03-13,1610612751,Nets,-6.6
0021500986,2016-03-13,1610612762,Jazz,6.7
0021500986,2016-03-13,1610612758,Kings,-6.7
0021500987,2016-03-13,1610612747,Lakers,-4.6
0021500987,2016-03-13,1610612752,Knicks,4.6
0021500988,2016-03-14,1610612766,Hornets,-6.0
0021500988,2016-03-14,1610612742,Mavericks,6.0
0021500989,2016-03-14,1610612764,Wizards,38.4
0021500989,2016-03-14,1610612765,Pistons,-38.4
0021500990,2016-03-14,1610612748,Heat,9.0
0021500990,2016-03-14,1610612743,Nuggets,-9.0
0021500991,2016-03-14,1610612741,Bulls,3.2
0021500991,2016-03-14,1610612761,Raptors,-3.2
0021500992,2016-03-14,1610612763,Grizzlies,-46.9
0021500992,2016-03-14,1610612745,Rockets,46.9
0021500993,2016-03-14,1610612760,Thunder,37.2
0021500993,2016-03-14,1610612757,Trail Blazers,-37.2
0021500994,2016-03-14,1610612762,Jazz,16.2
0021500994,2016-03-14,1610612739,Cavaliers,-16.2
0021500995,2016-03-14,1610612750,Timberwolves,-1.3
0021500995,2016-03-14,1610612756,Suns,1.3
0021500996,2016-03-14,1610612740,Pelicans,-16.6
0021500996,2016-03-14,1610612744,Warriors,16.6
